create table Lugar (
    id_lugar serial,
    nombre_lugar varchar (300) not null,
    tipo_lugar varchar (300) not null,
    fk_lugar integer,
    constraint fk_lugar_lugar foreign key (fk_lugar) 
    references Lugar (id_lugar),
    constraint pk_id_lugar primary key (id_lugar));

CREATE TABLE empresa_aliada (
     id_empresa_aliada SERIAL,
     nombre_empresa VARCHAR(300) NOT NULL,
     fecha_creacion_empresa DATE,
     descripcion_empresa VARCHAR(300),
     fk_lugar integer NOT NULL,
     CONSTRAINT fk_empresa_aliada_lugar FOREIGN KEY (fk_Lugar)
     REFERENCES Lugar (id_lugar),
     CONSTRAINT pk_id_empresa_aliada PRIMARY KEY (id_empresa_aliada)
);

create table Presentacion(id_presentacion serial,nombre_presentacion varchar(300) not null,constraint pk_id_presentacion primary key (id_presentacion));
create table Mineral(
    id_mineral serial,
    nombre_mineral varchar (50) not null,
    valor_economico varchar (10) not null,
    descripcion_mineral varchar (300) ,
    fecha_ini_explotacion date ,
    fecha_nacionalizacion date ,
    tipo_mineral varchar(50) not null,
    constraint pk_mineral primary key (id_mineral),
	constraint check_valor_economico check 
	(valor_economico in ('Bajo','Medio','Alto')),
    constraint check_tipo_mineral check 
	(tipo_mineral in ('Metalico','No metalico'))
);

CREATE TABLE Mineral_presentacion(
    id_mineral_presentacion serial,
    costo decimal(4,2) not null,
    fk_presentacion integer not null,
    fk_mineral integer not null,
    CONSTRAINT pk_mineral_presentacion PRIMARY KEY (id_mineral_presentacion),
    CONSTRAINT fk_presentacion_mineral FOREIGN KEY (fk_presentacion) 
    REFERENCES Presentacion(id_presentacion),
    CONSTRAINT fk_mineral_presentacion FOREIGN KEY (fk_mineral) 
    REFERENCES Mineral(id_mineral)
);

CREATE TABLE tipo_status(
     id_tipo_status SERIAL,
     nombre_tipo_status VARCHAR(300) NOT NULL,
     CONSTRAINT pk_id_tipo_status PRIMARY KEY (id_tipo_status)
);

CREATE TABLE Empresa (
    id_cliente serial,
    rif VARCHAR(11) NOT NULL UNIQUE,
    nombre_empresa VARCHAR(50) NOT NULL,
    FK_Lugar INTEGER NOT NULL,
    CONSTRAINT fk_empresa_lugar FOREIGN KEY (FK_Lugar)
    REFERENCES Lugar (id_lugar),
    CONSTRAINT pk_id_empresa PRIMARY KEY(id_cliente)
    );

    CREATE TABLE Persona (
    id_cliente serial,
    cedula_identidad integer NOT NULL UNIQUE,
    nombre_persona VARCHAR(50) NOT NULL,
    apellido_persona VARCHAR(50) NOT NULL,
    fecha_nacimiento DATE NOT NULL, 
    sexo CHAR(1) NOT NULL,
    FK_Lugar INTEGER NOT NULL, 
    CONSTRAINT fk_persona_lugar FOREIGN KEY (FK_Lugar)
    REFERENCES Lugar (id_Lugar),
    CONSTRAINT check_sexo_pers CHECK(sexo in('M','F')), 
    CONSTRAINT pk_id_persona PRIMARY KEY(id_cliente)
    );

CREATE TABLE Compra_Cliente (
     id_compra_cliente serial,
      fecha_compra DATE NOT NULL,
      monto_total_compra decimal(4,2) NOT NULL,
      FK_Empresa integer,
      FK_Persona integer,
      fk_tipo_status integer not null,
      CONSTRAINT pk_id_compra_cliente PRIMARY KEY(id_compra_cliente),
      CONSTRAINT FK_compra_cliente_empresa FOREIGN KEY(FK_Empresa) 
      REFERENCES Empresa(id_cliente),
      CONSTRAINT FK_compra_cliente_persona FOREIGN KEY(FK_Persona) 
      REFERENCES Persona(id_cliente),
      CONSTRAINT FK_compra_cliente_status FOREIGN KEY(fk_tipo_status) 
      REFERENCES tipo_status(id_tipo_status)
      );

CREATE TABLE Detalle_Compra_Cliente (
        id_detalle_compra_cliente serial, 
        cantidad decimal(4,2) NOT NULL,
        monto decimal(4,2) NOT NULL,
        FK_Compra_Cliente integer not null,
        FK_Mineral_Presentacion integer not null,
        CONSTRAINT pk_id_detalle_compra_cliente PRIMARY KEY(id_detalle_compra_cliente),
        CONSTRAINT FK_detalle_compra_cliente_compra_cliente FOREIGN KEY(FK_Compra_Cliente)
        REFERENCES Compra_Cliente(id_compra_cliente),
        CONSTRAINT FK_mineral_presentacion FOREIGN KEY(FK_Mineral_Presentacion)
        REFERENCES Mineral_presentacion(id_mineral_presentacion)
     );

create table Yacimiento (
    id_yacimiento serial,
    nombre_yacimiento varchar (50) not null,
    fk_lugar integer not null,
    fk_tipo_status integer not null,
    kilometros real not null,
    constraint pk_id_yacimiento primary key (id_yacimiento),
    constraint fk_yacimiento_lugar foreign key (fk_lugar) 
    references Lugar (id_lugar),
    constraint fk_status_yacimiento foreign key (fk_tipo_status) 
    references tipo_status (id_tipo_status)
    );


	CREATE TABLE proyecto (
     id_proyecto SERIAL,
     nombre_proyecto VARCHAR(30) NOT NULL,
     duracion_proyecto INTEGER NOT NULL,
     fk_yacimiento INTEGER,
     fk_tipo_status integer not null,
     CONSTRAINT pk_id_proyecto PRIMARY KEY (id_proyecto),
     CONSTRAINT fk_yacimiento FOREIGN KEY (fk_yacimiento)
     REFERENCES Yacimiento (id_yacimiento),
     CONSTRAINT fk_tipo_status FOREIGN KEY (fk_tipo_status)
     REFERENCES Tipo_Status (id_tipo_status));


CREATE TABLE compra_aliado (
     id_compra_aliado SERIAL,
     fecha_compra_aliado DATE NOT NULL,
     monto_total decimal(4,2) NOT NULL,
     fk_empresa_aliada INTEGER NOT NULL,
     fk_proyecto INTEGER ,
     fk_tipo_status integer not null,
      CONSTRAINT pk_compra_aliado PRIMARY KEY (id_compra_aliado),
     CONSTRAINT fk_empresa_compra_aliado FOREIGN KEY (fk_empresa_aliada)
     REFERENCES empresa_aliada (id_empresa_aliada),
     CONSTRAINT fk_proyecto_compra_aliado FOREIGN KEY (fk_proyecto)
     REFERENCES proyecto (id_proyecto),
     CONSTRAINT fk_status_compra_aliado FOREIGN KEY (fk_tipo_status)
     REFERENCES tipo_status(id_tipo_status)
);

CREATE TABLE detalle_compra_aliado (
     id_detalle_compra_aliado SERIAL,
     cantidad decimal(4,2) NOT NULL,
     precio decimal(4,2) NOT NULL,
     fk_compra_aliado INTEGER not null,
     fk_mineral_presentacion INTEGER not null,
     CONSTRAINT pk_detalle_compra_aliado PRIMARY KEY (id_detalle_compra_aliado),
     CONSTRAINT fk_compra_aliado_detalle FOREIGN KEY (fk_compra_aliado)
     REFERENCES compra_aliado (id_compra_aliado),
     CONSTRAINT fk_mineral_presentacion_en_detalle FOREIGN KEY (fk_mineral_presentacion)
     REFERENCES Mineral_presentacion(id_mineral_presentacion)
);


/*detalle compra aliado y compra cliente*/
create table Inventario(
    id_inventario serial,
    fecha_inventario DATE NOT NULL,
    cantidad decimal(4,2) not null,
    Fk_Detalle_Compra_Aliado integer,
    Fk_Detalle_Compra_Cliente integer,
    constraint pk_inventario  primary key (id_inventario),
    constraint fk_detalle_compra_cliente_aliado_inventario foreign key (Fk_Detalle_Compra_Aliado)
    references Detalle_Compra_Aliado (id_detalle_compra_aliado),
    constraint fk_detalle_compra_cliente_cliente_inventario foreign key (Fk_Detalle_Compra_cliente)
    references Detalle_Compra_Cliente (id_detalle_compra_cliente)
);




CREATE TABLE Cargo (
    id_cargo serial,
    tipo_cargo VARCHAR(100) NOT NULL,
    salario_empleado INTEGER,
    CONSTRAINT pk_id_cargo PRIMARY KEY(id_cargo)
    );


CREATE TABLE Permiso (
    id_permiso serial,
    nombre_permiso VARCHAR(70) NOT NULL,
    descripcion_permiso VARCHAR(225),
    CONSTRAINT pk_id_permiso PRIMARY KEY(id_permiso)
    );

CREATE TABLE Rol (
    id_rol serial,
    tipo_rol VARCHAR(15) NOT NULL,
    descripcion_rol VARCHAR(225), 
    CONSTRAINT pk_id_rol PRIMARY KEY(id_rol)
    );

CREATE TABLE Permiso_Rol (
    id_permiso_rol serial,
    FK_Permiso integer,
    FK_Rol integer,
    CONSTRAINT pk_id_perm_rol PRIMARY KEY(id_permiso_rol),
    CONSTRAINT fk_perm_rol_permiso FOREIGN KEY(FK_Permiso) 
    REFERENCES Permiso(id_Permiso),
    CONSTRAINT fk_perm_rol_rol FOREIGN KEY(FK_Rol) 
    REFERENCES Rol(id_rol)
    );



CREATE TABLE Empleado (
    id_empleado serial,
    cedula_identidad integer NOT NULL UNIQUE,
    nombre_empleado VARCHAR(50) NOT NULL,
    apellido_empleado VARCHAR(50) NOT NULL,
    fecha_nacimiento DATE NOT NULL, 
    sexo CHAR(1) NOT NULL,
    FK_Lugar INTEGER NOT NULL, 
    fk_cargo integer not null,
    CONSTRAINT fk_lugar_empleado FOREIGN KEY (FK_Lugar)
    REFERENCES Lugar (id_lugar),
    CONSTRAINT check_sexo_emp CHECK(sexo in('M','F')), 
    CONSTRAINT pk_id_empleado PRIMARY KEY(id_empleado),
    CONSTRAINT fk_cargo_empleado FOREIGN KEY (fk_cargo)
    REFERENCES cargo(id_cargo),
    );


CREATE TABLE Usuario (
    id_usuario serial,
    nombre_usuario VARCHAR(50) NOT NULL UNIQUE,
    contraseña VARCHAR(15) NOT NULL,
    FK_Cliente_Persona integer ,
    FK_Cliente_Empresa integer ,
    FK_Empleado integer,
    FK_Rol integer NOT NULL,
    CONSTRAINT pk_id_usuario PRIMARY KEY(id_usuario),
    CONSTRAINT fk_usuario_empleado FOREIGN KEY (FK_empleado)
    REFERENCES Empleado (id_empleado),
    CONSTRAINT fk_usuario_cliente_empresa FOREIGN KEY (FK_Cliente_Empresa)
    REFERENCES Empresa (id_cliente),
    CONSTRAINT fk_usuario_cliente_persona FOREIGN KEY (FK_Cliente_Persona)
    REFERENCES Persona (id_cliente),
    CONSTRAINT fk_rol_usuario FOREIGN KEY (FK_Rol) 
    REFERENCES Rol (id_rol)
    );

CREATE TABLE Horario (
    id_horario serial,
    hora_inicio time NOT NULL,
    hora_salida time NOT NULL,
    dia_de_semana VARCHAR(10) NOT NULL, 
    CONSTRAINT pk_id_horario PRIMARY KEY(id_horario),
    CONSTRAINT check_dia CHECK (dia_de_semana in ('Lunes', 'Martes','Miercoles','Jueves',
    'Viernes','Sabado','Domingo'))
    );

    CREATE TABLE etapa_explotacion (
     id_etapa SERIAL,
     nombre_etapa VARCHAR(30) NOT NULL,
     duracion_etapa INTEGER NOT NULL,
     descripcion_etapa VARCHAR(40),
     costo_etapa INTEGER NOT NULL ,                         /*not null?*/
     numero_etapa INTEGER NOT NULL,
     fk_proyecto INTEGER NOT NULL,
     fk_tipo_status INTEGER NOT NULL,
     CONSTRAINT pk_id_etapa_explotacion PRIMARY KEY (id_etapa),
     CONSTRAINT fk_proyecto_etapa FOREIGN KEY (fk_proyecto)
     REFERENCES proyecto (id_proyecto),
     CONSTRAINT fk_tipo_status_etapa FOREIGN KEY(fk_tipo_status)
     REFERENCES tipo_status(id_tipo_status)
);

create table Fase (
   id_fase  serial,
   numero_fase integer not null,
   nombre_fase  varchar(30) not null,
   descripcion_fase varchar (100),
   duracion_fase    integer not null,
   costo_fase   integer not null,
   fecha_inicio_fase date ,
   fecha_final_fase date ,
   fk_etapa_explotacion integer,
   fk_tipo_status INTEGER NOT NULL,
   constraint pk_fase primary key (id_fase),
   constraint fk_exploracion_etapa foreign key (fk_etapa_explotacion)
   references etapa_explotacion  (id_etapa),
   CONSTRAINT fk_tipo_status_fase FOREIGN KEY(fk_tipo_status)
     REFERENCES tipo_status(id_tipo_status)
);

CREATE TABLE Cargo_Fase(
    id_cargo_fase serial,
    cantidad integer not null,
    costo decimal(4,2) ,                            /*ver*/
    FK_Cargo integer not null,
    FK_Fase integer not null,
    CONSTRAINT pk_cargo_fase PRIMARY KEY(id_cargo_fase),
    CONSTRAINT fk_cargo_en_fase FOREIGN KEY (FK_Cargo)
    REFERENCES Cargo(id_cargo), 
     CONSTRAINT fk_fase_en_cargos FOREIGN KEY (FK_Fase)
    REFERENCES Fase(id_fase)
);

CREATE TABLE Empleado_Fase_Cargo(
    id_empleado_cargo_fase serial,
    FK_Empleado integer not null,
    FK_Cargo_Fase integer not null,
    CONSTRAINT pk_empleado_cargo_fase PRIMARY KEY(id_empleado_cargo_fase),
    CONSTRAINT fk_empleado_en_fase_cargo FOREIGN KEY (FK_Empleado)
    REFERENCES Empleado(id_empleado), 
    CONSTRAINT fk_cargos_de_Fase FOREIGN KEY (FK_Cargo_Fase)
    REFERENCES Cargo_Fase(id_cargo_fase)
);
CREATE TABLE Horario_empleado(
    id_horario_empleado serial,
    FK_horario integer not null,
    FK_empl_horario_fase integer not null,
    CONSTRAINT pk_horario_empl PRIMARY KEY(id_horario_empleado),
    CONSTRAINT fk_empl_cargo_fase_horario_ FOREIGN KEY (FK_empl_horario_fase) 
    REFERENCES Empleado_Fase_Cargo (id_empleado_cargo_fase),
    CONSTRAINT fk_horario_de_emp_fase FOREIGN KEY (FK_horario) 
    REFERENCES Horario(id_horario)
);



CREATE TABLE Mineral_Empresa (
        id_mineral_empresa serial, 
        cantidad decimal(4,2) NOT NULL,
        FK_Mineral_presentacion integer,
        FK_Empresa_Aliada integer,
        CONSTRAINT pk_min_empr PRIMARY KEY(id_mineral_empresa),
        CONSTRAINT FK_mineral_pres_empresa FOREIGN KEY (FK_Mineral_presentacion) 
        REFERENCES Mineral_presentacion(id_mineral_presentacion),
        CONSTRAINT FK_mineral_empresa_aliada FOREIGN KEY (FK_Empresa_Aliada) 
        REFERENCES empresa_aliada(id_empresa_aliada)

        );




                                                                    /*revisar*/
CREATE TABLE Compra_cliente_proyecto(
    id_compra_cliente_proyecto serial,
    fk_compra_cliente integer ,  /* not null*/
    fk_proyecto integer,
    CONSTRAINT pk_compra_cliente_proyecto PRIMARY KEY(id_compra_cliente_proyecto),
    CONSTRAINT FK_compra_cliente FOREIGN KEY(fk_compra_cliente) 
    REFERENCES Compra_Cliente(id_compra_cliente),
    CONSTRAINT FK_proyecto FOREIGN KEY(fk_proyecto) 
    REFERENCES proyecto(id_proyecto)
);
      
 

 CREATE TABLE pago (
     id_pago SERIAL,
     fecha_pago DATE NOT NULL,
     monto_total_pagado decimal(4,2) NOT NULL,
     fk_compra_cliente INTEGER NOT NULL,
     CONSTRAINT pk_id_pago PRIMARY KEY (id_pago),
     CONSTRAINT fk_compra_cliente_pago FOREIGN KEY (fk_compra_cliente)
     REFERENCES Compra_Cliente(id_compra_cliente)
);


create table Tipo_Pago(
    id_tipo_pago serial,
    numero integer not null unique,
    concepto varchar (50),
    numero_confirmacion integer,
    tipo_tarjeta_credito varchar (15),
    fecha_vencimiento date,
    codigo_secreto integer,
    tipo varchar (30) not null,
    banco varchar(50) not null,
    constraint pk_id_tipo_pago primary key (id_tipo_pago),
    constraint check_tipo_tarjeta_credito check (tipo_tarjeta_credito in ('Visa', 'MasterCard')),
    constraint  tipo_pago check (tipo in ('Transferencia','Tarjeta_Credito', 'Cheque', 'Tarjeta_Debito'))
);

CREATE TABLE pago_pago (
     id_pago_pago SERIAL,
     monto_total_pagado INTEGER NOT NULL,
     fk_tipo_pago INTEGER,
     fk_pago INTEGER,
     CONSTRAINT pk_id_pago_pago PRIMARY KEY (id_pago_pago),
     CONSTRAINT fk_tipo_pago_pago FOREIGN KEY (fk_tipo_pago)
     REFERENCES Tipo_Pago(id_tipo_pago),
     CONSTRAINT fk_pago_pago FOREIGN KEY (fk_pago)
     REFERENCES pago (id_pago)
);


/*CREATE TABLE tipo_pago_banco (
     id_tipo_pago_banco SERIAL,
     fk_tipo_pago INTEGER,
     fk_banco INTEGER,
     CONSTRAINT pk_id_tipo_pago_banco PRIMARY KEY (id_tipo_pago_banco,fk_tipo_pago,fk_banco),
     CONSTRAINT fk_tipo_pago_tipo_banco FOREIGN KEY (fk_tipo_pago)
     REFERENCES tipo_pago (id_tipo_pago),
     CONSTRAINT fk_banco_tipo_pago FOREIGN KEY (fk_banco)
     REFERENCES banco (id_banco)
);*/


create table Mineral_Mineral (
  id_mineral_mineral serial,
  fk_mineral integer,
  constraint pk_id_mineral primary key (id_mineral_mineral),
  constraint fk_mineral_n_a_m foreign key (fk_mineral)
  references Mineral(id_mineral)
);




create table Mineral_Yacimiento(
    id_mineral_yacimiento serial,
    cantidad integer not null,
    fk_mineral integer not null,
    fk_yacimiento integer not null,
    constraint pk_mineral_yacimiento primary key (id_mineral_yacimiento),
    constraint fk_mineral_en_yacimiento foreign key (fk_mineral)
    references Mineral(id_mineral),
    constraint fk_yacimiento_con_minerales foreign key (fk_yacimiento)
    references Yacimiento (id_yacimiento)
    );
	






 
/*CREATE TABLE Empleado_Fase(
    id_empleado_fase serial,
    FK_Empleado integer,
    FK_Fase integer,
    FK_Fase_Etapa integer,
    CONSTRAINT pk_id_empleadoo_fase PRIMARY KEY(id_empleado_fase,FK_Empleado, FK_Fase, FK_Fase_Etapa),
    CONSTRAINT fk_empleado_ FOREIGN KEY(FK_Empleado) 
    REFERENCES Empleado (id_empleado),
    CONSTRAINT fk_fase_ FOREIGN KEY(FK_Fase, FK_Fase_Etapa) 
    REFERENCES Fase (id_fase, fk_etapa_explotacion)
    );*/




CREATE TABLE telefono (
     id_telefono SERIAL, 
     nro_telefono INTEGER NOT NULL UNIQUE,
     fk_empleado INTEGER,
     fk_empresa INTEGER,
     fk_empresa_aliada INTEGER,
     fk_persona INTEGER,
     CONSTRAINT pk_id_telefono PRIMARY KEY (id_telefono),
     CONSTRAINT fk_empleado_telefono FOREIGN KEY (fk_empleado)
     REFERENCES Empleado(id_empleado),
     CONSTRAINT fk_empresa_telefono FOREIGN KEY (fk_empresa)
     REFERENCES Empresa(id_cliente),
     CONSTRAINT fk_empresa_aliada_telefono FOREIGN KEY (fk_empresa_aliada)
     REFERENCES empresa_aliada(id_empresa_aliada),
     CONSTRAINT fk_persona_telefono FOREIGN KEY (fk_persona)
     REFERENCES Persona(id_cliente)
);


CREATE TABLE correo (
     id_correo SERIAL,
     correo_electronico VARCHAR(40) NOT NULL UNIQUE,
     fk_empleado INTEGER,
     fk_empresa INTEGER,
     fk_persona INTEGER,
     CONSTRAINT pk_id_correo PRIMARY KEY (id_correo),
     CONSTRAINT fk_empleado_correo FOREIGN KEY (fk_empleado)
     REFERENCES Empleado (id_empleado),
     CONSTRAINT fk_empresa_correo FOREIGN KEY (fk_empresa)
     REFERENCES Empresa(id_cliente),
     CONSTRAINT fk_persona_persona FOREIGN KEY (fk_persona)
     REFERENCES Persona (id_cliente)
);
CREATE TABLE maquinaria (
    id_maquinaria serial,
    cantidad integer not null,
    nombre_maquinaria varchar(100) not null,
    costo_maquinaria decimal(4,2) not null,
    CONSTRAINT pk_id_maquinaria PRIMARY KEY (id_maquinaria)
);

CREATE TABLE Maquinaria_Fase (
    id_maquinaria_fase serial,
    cantidad integer not null,
    fk_fase integer not null,
    fk_maquinaria integer not null,
    CONSTRAINT pk_id_maq_fase PRIMARY KEY (id_maquinaria_fase)
    CONSTRAINT fk_fase2_maq FOREIGN KEY (fk_fase)
    REFERENCES fase(id_fase),
    CONSTRAINT fk_fase_maq2 FOREIGN KEY (fk_maquinaria)
    REFERENCES maquinaria(id_maquinaria)
);
CREATE TABLE Maquinaria_Activa(
    id_maquinaria_activa serial,
    fk_fase integer not null,
    fk_maquinaria integer not null,
    fk_tipo_status integer not null,
     CONSTRAINT fk_fase2_maq_act FOREIGN KEY (fk_fase)
     REFERENCES fase(id_fase),
     CONSTRAINT fk_fase_maq2 FOREIGN KEY (fk_fase)
     REFERENCES maquinaria(id_maquinaria),
     CONSTRAINT fk_status_maq_act FOREIGN KEY (fk_tipo_status)
     REFERENCES tipo_status(id_tipo_status),
);
/*selecciona la ultima fecha de cambio de yacimiento*/
select nombre_tipo_status 
from tipo_status
 where id_tipo_status=(
     select fk_tipo_status
    from status_yacimiento 
    where fecha_cambio=(
        select fecha_cambio 
        from status_yacimiento 
        order by fecha_cambio 
        limit 1));
/*inserts tipo status*/
insert into tipo_status (nombre_tipo_status)
values('Activo'),
('En ejecucion'),
('Finalizado'),
('Inactivo'),
('Ocupada'),
('Desocupada');
/*INSERTS MINERALES*/
INSERT INTO Mineral(nombre_mineral,valor_economico,
    descripcion_mineral,
    fecha_ini_explotacion,
    fecha_nacionalizacion,
    tipo_mineral) 
	VALUES ('Hierro','Alto','El hierro puro es un metal de color blanco plateado brillante, que se oxida rápidamente en aire húmedo o con agua que contenga oxígeno disuelto. ',
		   '11-12-1950','01-04-1975','Metalico');

INSERT INTO Mineral(nombre_mineral,valor_economico,
    descripcion_mineral,
    fecha_ini_explotacion,
    fecha_nacionalizacion,
    tipo_mineral) 
	VALUES ('Bauxita','Bajo','Se origina como residuo producido por la meteorización de las rocas ígneas en condiciones geomorfológicas y climáticas favorables.',
		   '05-30-1987','08-04-1978','Metalico');
INSERT INTO Mineral(nombre_mineral,valor_economico,
    descripcion_mineral,
    fecha_ini_explotacion,
    fecha_nacionalizacion,
    tipo_mineral) 
	VALUES ('Oro','Alto','Es en su mayor parte oro puro -más del 99%-, comúnmente con impurezas de plata, cobre, hierro y mercurio.',
		   '10-28-1976','09-15-1980','Metalico');
		   
INSERT INTO Mineral(nombre_mineral,valor_economico,
    descripcion_mineral,
    fecha_ini_explotacion,
    fecha_nacionalizacion,
    tipo_mineral) 
	VALUES ('Carbon','Bajo','es una roca sedimentaria organógena de color negro, muy rica en carbono y con cantidades variables de otros elementos,utilizado como combustible fosil',
		   '03-07-1918','06-09-1950','Metalico');
INSERT INTO Mineral(nombre_mineral,valor_economico,
    descripcion_mineral,
    fecha_ini_explotacion,
    fecha_nacionalizacion,
    tipo_mineral) 
	VALUES ('Diamante','Alto','Es la segunda forma más estable de carbono, después del grafito',
		   '08-16-1928','07-10-1932','Metalico');
		   
INSERT INTO Mineral(nombre_mineral,valor_economico,
    descripcion_mineral,
    fecha_ini_explotacion,
    fecha_nacionalizacion,
    tipo_mineral) 
	VALUES ('Niquel','Medio','Se ha utilizado en la acuñación de monedas en aleaciones de níquel y cobre',
		   '02-18-1915','06-13-1923','Metalico');
		   
INSERT INTO Mineral(nombre_mineral,valor_economico,
    descripcion_mineral,
    fecha_ini_explotacion,
    fecha_nacionalizacion,
    tipo_mineral) 
	VALUES ('Cobre','Medio','Utilizado en la fabricacion de conductores electricos',
		   '01-01-1919','06-13-1922','Metalico');

INSERT INTO Mineral(nombre_mineral,valor_economico,
    descripcion_mineral,
    fecha_ini_explotacion,
    fecha_nacionalizacion,
    tipo_mineral) 
	VALUES ('Arena','Bajo','Es usada para la fabricación de cristales y hormigón, fundamental para la construcción de cualquier edificación.',
		   '01-01-19','06-13-1922','No metalico');
insert into mineral (nombre_mineral,valor_economico,descripcion_mineral,tipo_mineral)
values('Cal','Bajo','Usado desde la antigüedad en la construcción de viviendas, e incluso en el pintado de las mismas.','No metalico'),
('Caliza','Medio','Encontrado comúnmente en la naturaleza como reservorio de hidrocarburos. Usado para la fabricación de cemento.','No metalico'),
('Granito','Medio','Es el principal tipo de roca en la corteza terrestre. Usado en la construcción de viviendas y de edificios públicos debido a su durabilidad.','No metalico'),
('Yeso','Bajo','Utilizado en la fabricación de cemento y el dry-wall,como aislante térmico, así como para la fabricación de moldes y tizas para pizarra.','No metalico'),
('Arcilla','Bajo','Ha sido usada para la fabricación de ladrillo, porcelana y loza, así como en procesos industriales como el de fabricación de cemento y papel.','No metalico'),
('Azufre','Medio','Usada para la fabricación de baterías de auto, pólvora, como fertilizante en la agricultura y como fungicida (anti hongos), en la orfebrería para la oxidación de la plata,etc','No metalico'),
('Baritina','Medio','Es empleada como pigmento, en la fabricación de agua oxigenada, para la preparación de lodos usados en la extracción de petróleo y gas natural, en la fabricación de resinas sintéticas y vidrio.','No metalico'),
('Bentonita','Medio','Usada en las construcciones para el sostenimiento de tierras y como material de sellado, para la elaboración de lubricantes, en la elaboración de lodos para la extracción de los hidrocarburos, entre otros.','No metalico'),
('Carbon Antracita','Bajo','Es usado como combustible en las más diversas industrias: generación de energía eléctrica, fundiciones, cementera, e incluso para uso doméstico.','No metalico'),
('Mica','Medio','Gracias a su resistencia al calor, así como por su elasticidad, es usado como aislante eléctrico y térmico para la protección de máquinas.','No metalico'),
('Sal Comun','Bajo','Se encuentra en las salineras y es usada ampliamente en la cocina universalmente para condimentar y conservar alimentos.','No metalico'),
('Talco','Bajo','Es usado en diversas industrias entre ellas para la fabricación de papel, en la industria cosmética para prevenir la irritación de la piel, e incluso como parte de algunos plásticos.','No metalico')
;



/*lugar miguel*/
INSERT INTO lugar(
	nombre_lugar,tipo_lugar,fk_lugar)
	VALUES
	('Amazonas', 'ESTADO',null),
	( 'Anzoátegui', 'ESTADO',null),
	( 'Apure', 'ESTADO',null),
	( 'Aragua', 'ESTADO',null),
	( 'Barinas', 'ESTADO',null),
	( 'Bolívar', 'ESTADO',null),
	( 'Carabobo', 'ESTADO',null),
	( 'Cojedes', 'ESTADO',null),
	( 'Delta Amacuro', 'ESTADO',null),
	( 'Falcón', 'ESTADO',null),
	( 'Guárico', 'ESTADO',null),
	( 'Lara', 'ESTADO',null),
	( 'Mérida', 'ESTADO',null),
	( 'Miranda', 'ESTADO',null),
	( 'Monagas', 'ESTADO',null),
	( 'Nueva Esparta', 'ESTADO',null),
	( 'Portuguesa', 'ESTADO',null),
	( 'Sucre', 'ESTADO',null),
	( 'Táchira', 'ESTADO',null),
	( 'Trujillo', 'ESTADO',null),
	( 'Vargas', 'ESTADO',null),
	( 'Yaracuy', 'ESTADO',null),
	( 'Zulia', 'ESTADO',null),
	( 'Distrito Capital', 'ESTADO',null),
	( 'Alto Orinoco','MUNICIPIO',1),
	( 'Atabapo','MUNICIPIO',1),
	( 'Atures','MUNICIPIO',1),
	( 'Autana','MUNICIPIO',1),
	( 'Manapiare','MUNICIPIO',1),
	( 'Maroa','MUNICIPIO',1),
	( 'Río Negro','MUNICIPIO',1),
	( 'Anaco','MUNICIPIO',2),
	( 'Aragua','MUNICIPIO',2),
	( 'Manuel Ezequiel Bruzual','MUNICIPIO',2),
	( 'Diego Bautista Urbaneja','MUNICIPIO',2),
	( 'Fernando Peñalver','MUNICIPIO',2),
	( 'Francisco Del Carmen Carvajal','MUNICIPIO',2),
	( 'General Sir Arthur McGregor','MUNICIPIO',2),
	( 'Guanta','MUNICIPIO',2),
	( 'Independencia','MUNICIPIO',2),
	( 'José Gregorio Monagas','MUNICIPIO',2),
	( 'Juan Antonio Sotillo','MUNICIPIO',2),
	( 'Juan Manuel Cajigal','MUNICIPIO',2),
	( 'Libertad','MUNICIPIO',2),
	( 'Francisco de Miranda','MUNICIPIO',2),
	( 'Pedro María Freites','MUNICIPIO',2),
	( 'Píritu','MUNICIPIO',2),
	( 'San José de Guanipa','MUNICIPIO',2),
	( 'San Juan de Capistrano','MUNICIPIO',2),
	( 'Santa Ana','MUNICIPIO',2),
	( 'Simón Bolívar','MUNICIPIO',2),
	( 'Simón Rodríguez','MUNICIPIO',2),
	( 'Achaguas','MUNICIPIO',3),
	( 'Biruaca','MUNICIPIO',3),
	( 'Muñóz','MUNICIPIO',3),
	( 'Páez','MUNICIPIO',3),
	( 'Pedro Camejo','MUNICIPIO',3),
	( 'Rómulo Gallegos','MUNICIPIO',3),
	( 'San Fernando','MUNICIPIO',3),
	( 'Atanasio Girardot','MUNICIPIO',4),
	( 'Bolívar','MUNICIPIO',4),
	( 'Camatagua','MUNICIPIO',4),
	( 'Francisco Linares Alcántara','MUNICIPIO',4),
	( 'José Ángel Lamas','MUNICIPIO',4),
	( 'José Félix Ribas','MUNICIPIO',4),
	( 'José Rafael Revenga','MUNICIPIO',4),
	( 'Libertador','MUNICIPIO',4),
	( 'Mario Briceño Iragorry','MUNICIPIO',4),
	( 'Ocumare de la Costa de Oro','MUNICIPIO',4),
	( 'San Casimiro','MUNICIPIO',4),
	( 'San Sebastián','MUNICIPIO',4),
	( 'Santiago Mariño','MUNICIPIO',4),
	( 'Santos Michelena','MUNICIPIO',4),
	( 'Sucre','MUNICIPIO',4),
	( 'Tovar','MUNICIPIO',4),
	( 'Urdaneta','MUNICIPIO',4),
	( 'Zamora','MUNICIPIO',4),
	( 'Alberto Arvelo Torrealba','MUNICIPIO',5),
	( 'Andrés Eloy Blanco','MUNICIPIO',5),
	( 'Antonio José de Sucre','MUNICIPIO',5),
	( 'Arismendi','MUNICIPIO',5),
	( 'Barinas','MUNICIPIO',5),
	( 'Bolívar','MUNICIPIO',5),
	( 'Cruz Paredes','MUNICIPIO',5),
	( 'Ezequiel Zamora','MUNICIPIO',5),
	( 'Obispos','MUNICIPIO',5),
	( 'Pedraza','MUNICIPIO',5),
	( 'Rojas','MUNICIPIO',5),
	( 'Sosa','MUNICIPIO',5),
	( 'Caroní','MUNICIPIO',6),
	( 'Cedeño','MUNICIPIO',6),
	( 'El Callao','MUNICIPIO',6),
	( 'Gran Sabana','MUNICIPIO',6),
	( 'Heres','MUNICIPIO',6),
	( 'Piar','MUNICIPIO',6),
	( 'Angostura (Raúl Leoni)','MUNICIPIO',6),
	( 'Roscio','MUNICIPIO',6),
	( 'Sifontes','MUNICIPIO',6),
	( 'Sucre','MUNICIPIO',6),
	( 'Padre Pedro Chien','MUNICIPIO',6),
	( 'Bejuma','MUNICIPIO',7),
	( 'Carlos Arvelo','MUNICIPIO',7),
	( 'Diego Ibarra','MUNICIPIO',7),
	( 'Guacara','MUNICIPIO',7),
	( 'Juan José Mora','MUNICIPIO',7),
	( 'Libertador','MUNICIPIO',7),
	( 'Los Guayos','MUNICIPIO',7),
	( 'Miranda','MUNICIPIO',7),
	( 'Montalbán','MUNICIPIO',7),
	( 'Naguanagua','MUNICIPIO',7),
	( 'Puerto Cabello','MUNICIPIO',7),
	( 'San Diego','MUNICIPIO',7),
	( 'San Joaquín','MUNICIPIO',7),
	( 'Valencia','MUNICIPIO',7),
	( 'Anzoátegui','MUNICIPIO',8),
	( 'Tinaquillo','MUNICIPIO',8),
	( 'Girardot','MUNICIPIO',8),
	( 'Lima Blanco','MUNICIPIO',8),
	( 'Pao de San Juan Bautista','MUNICIPIO',8),
	( 'Ricaurte','MUNICIPIO',8),
	( 'Rómulo Gallegos','MUNICIPIO',8),
	( 'San Carlos','MUNICIPIO',8),
	( 'Tinaco','MUNICIPIO',8),
	( 'Antonio Díaz','MUNICIPIO',9),
	( 'Casacoima','MUNICIPIO',9),
	( 'Pedernales','MUNICIPIO',9),
	( 'Tucupita','MUNICIPIO',9),
	( 'Acosta','MUNICIPIO',10),
	( 'Bolívar','MUNICIPIO',10),
	( 'Buchivacoa','MUNICIPIO',10),
	( 'Cacique Manaure','MUNICIPIO',10),
	( 'Carirubana','MUNICIPIO',10),
	( 'Colina','MUNICIPIO',10),
	( 'Dabajuro','MUNICIPIO',10),
	( 'Democracia','MUNICIPIO',10),
	( 'Falcón','MUNICIPIO',10),
	( 'Federación','MUNICIPIO',10),
	( 'Jacura','MUNICIPIO',10),
	( 'José Laurencio Silva','MUNICIPIO',10),
	( 'Los Taques','MUNICIPIO',10),
	( 'Mauroa','MUNICIPIO',10),
	( 'Miranda','MUNICIPIO',10),
	( 'Monseñor Iturriza','MUNICIPIO',10),
	( 'Palmasola','MUNICIPIO',10),
	( 'Petit','MUNICIPIO',10),
	( 'Píritu','MUNICIPIO',10),
	( 'San Francisco','MUNICIPIO',10),
	( 'Sucre','MUNICIPIO',10),
	( 'Tocópero','MUNICIPIO',10),
	( 'Unión','MUNICIPIO',10),
	( 'Urumaco','MUNICIPIO',10),
	( 'Zamora','MUNICIPIO',10),
	( 'Camaguán','MUNICIPIO',11),
	( 'Chaguaramas','MUNICIPIO',11),
	( 'El Socorro','MUNICIPIO',11),
	( 'José Félix Ribas','MUNICIPIO',11),
	( 'José Tadeo Monagas','MUNICIPIO',11),
	( 'Juan Germán Roscio','MUNICIPIO',11),
	( 'Julián Mellado','MUNICIPIO',11),
	( 'Las Mercedes','MUNICIPIO',11),
	( 'Leonardo Infante','MUNICIPIO',11),
	( 'Pedro Zaraza','MUNICIPIO',11),
	( 'Ortíz','MUNICIPIO',11),
	( 'San Gerónimo de Guayabal','MUNICIPIO',11),
	( 'San José de Guaribe','MUNICIPIO',11),
	( 'Santa María de Ipire','MUNICIPIO',11),
	( 'Sebastián Francisco de Miranda','MUNICIPIO',11),
	( 'Andrés Eloy Blanco','MUNICIPIO',12),
	( 'Crespo','MUNICIPIO',12),
	( 'Iribarren','MUNICIPIO',12),
	( 'Jiménez','MUNICIPIO',12),
	( 'Morán','MUNICIPIO',12),
	( 'Palavecino','MUNICIPIO',12),
	( 'Simón Planas','MUNICIPIO',12),
	( 'Torres','MUNICIPIO',12),
	( 'Urdaneta','MUNICIPIO',12),
	( 'Alberto Adriani','MUNICIPIO',13),
	( 'Andrés Bello','MUNICIPIO',13),
	( 'Antonio Pinto Salinas','MUNICIPIO',13),
	( 'Aricagua','MUNICIPIO',13),
	( 'Arzobispo Chacón','MUNICIPIO',13),
	( 'Campo Elías','MUNICIPIO',13),
	( 'Caracciolo Parra Olmedo','MUNICIPIO',13),
	( 'Cardenal Quintero','MUNICIPIO',13),
	( 'Guaraque','MUNICIPIO',13),
	( 'Julio César Salas','MUNICIPIO',13),
	( 'Justo Briceño','MUNICIPIO',13),
	( 'Libertador','MUNICIPIO',13),
	( 'Miranda','MUNICIPIO',13),
	( 'Obispo Ramos de Lora','MUNICIPIO',13),
	( 'Padre Noguera','MUNICIPIO',13),
	( 'Pueblo Llano','MUNICIPIO',13),
	( 'Rangel','MUNICIPIO',13),
	( 'Rivas Dávila','MUNICIPIO',13),
	( 'Santos Marquina','MUNICIPIO',13),
	( 'Sucre','MUNICIPIO',13),
	( 'Tovar','MUNICIPIO',13),
	( 'Tulio Febres Cordero','MUNICIPIO',13),
	( 'Zea','MUNICIPIO',13),
	( 'Acevedo','MUNICIPIO',14),
	( 'Andrés Bello','MUNICIPIO',14),
	( 'Baruta','MUNICIPIO',14),
	( 'Brión','MUNICIPIO',14),
	( 'Buroz','MUNICIPIO',14),
	( 'Carrizal','MUNICIPIO',14),
	( 'Chacao','MUNICIPIO',14),
	( 'Cristóbal Rojas','MUNICIPIO',14),
	( 'El Hatillo','MUNICIPIO',14),
	( 'Guaicaipuro','MUNICIPIO',14),
	( 'Independencia','MUNICIPIO',14),
	( 'Lander','MUNICIPIO',14),
	( 'Los Salias','MUNICIPIO',14),
	( 'Páez','MUNICIPIO',14),
	( 'Paz Castillo','MUNICIPIO',14),
	( 'Pedro Gual','MUNICIPIO',14),
	( 'Plaza','MUNICIPIO',14),
	( 'Simón Bolívar','MUNICIPIO',14),
	( 'Sucre','MUNICIPIO',14),
	( 'Urdaneta','MUNICIPIO',14),
	( 'Zamora','MUNICIPIO',14),
	( 'Acosta','MUNICIPIO',15),
	( 'Aguasay','MUNICIPIO',15),
	( 'Bolívar','MUNICIPIO',15),
	( 'Caripe','MUNICIPIO',15),
	( 'Cedeño','MUNICIPIO',15),
	( 'Ezequiel Zamora','MUNICIPIO',15),
	( 'Libertador','MUNICIPIO',15),
	( 'Maturín','MUNICIPIO',15),
	( 'Piar','MUNICIPIO',15),
	( 'Punceres','MUNICIPIO',15),
	( 'Santa Bárbara','MUNICIPIO',15),
	( 'Sotillo','MUNICIPIO',15),
	( 'Uracoa','MUNICIPIO',15),
	( 'Antolín del Campo','MUNICIPIO',16),
	( 'Arismendi','MUNICIPIO',16),
	( 'García','MUNICIPIO',16),
	( 'Gómez','MUNICIPIO',16),
	( 'Maneiro','MUNICIPIO',16),
	( 'Marcano','MUNICIPIO',16),
	( 'Mariño','MUNICIPIO',16),
	( 'Península de Macanao','MUNICIPIO',16),
	( 'Tubores','MUNICIPIO',16),
	( 'Villalba','MUNICIPIO',16),
	( 'Díaz','MUNICIPIO',16),
	( 'Agua Blanca','MUNICIPIO',17),
	( 'Araure','MUNICIPIO',17),
	( 'Esteller','MUNICIPIO',17),
	( 'Guanare','MUNICIPIO',17),
	( 'Guanarito','MUNICIPIO',17),
	( 'Monseñor José Vicente de Unda','MUNICIPIO',17),
	( 'Ospino','MUNICIPIO',17),
	( 'Páez','MUNICIPIO',17),
	( 'Papelón','MUNICIPIO',17),
	( 'San Genaro de Boconoíto','MUNICIPIO',17),
	( 'San Rafael de Onoto','MUNICIPIO',17),
	( 'Santa Rosalía','MUNICIPIO',17),
	( 'Sucre','MUNICIPIO',17),
	( 'Turén','MUNICIPIO',17),
	( 'Andrés Eloy Blanco','MUNICIPIO',18),
	( 'Andrés Mata','MUNICIPIO',18),
	( 'Arismendi','MUNICIPIO',18),
	( 'Benítez','MUNICIPIO',18),
	( 'Bermúdez','MUNICIPIO',18),
	( 'Bolívar','MUNICIPIO',18),
	( 'Cajigal','MUNICIPIO',18),
	( 'Cruz Salmerón Acosta','MUNICIPIO',18),
	( 'Libertador','MUNICIPIO',18),
	( 'Mariño','MUNICIPIO',18),
	( 'Mejía','MUNICIPIO',18),
	( 'Montes','MUNICIPIO',18),
	( 'Ribero','MUNICIPIO',18),
	( 'Sucre','MUNICIPIO',18),
	( 'Valdéz','MUNICIPIO',18),
	( 'Andrés Bello','MUNICIPIO',19),
	( 'Antonio Rómulo Costa','MUNICIPIO',19),
	( 'Ayacucho','MUNICIPIO',19),
	( 'Bolívar','MUNICIPIO',19),
	( 'Cárdenas','MUNICIPIO',19),
	( 'Córdoba','MUNICIPIO',19),
	( 'Fernández Feo','MUNICIPIO',19),
	( 'Francisco de Miranda','MUNICIPIO',19),
	( 'García de Hevia','MUNICIPIO',19),
	( 'Guásimos','MUNICIPIO',19),
	( 'Independencia','MUNICIPIO',19),
	( 'Jáuregui','MUNICIPIO',19),
	( 'José María Vargas','MUNICIPIO',19),
	( 'Junín','MUNICIPIO',19),
	( 'Libertad','MUNICIPIO',19),
	( 'Libertador','MUNICIPIO',19),
	( 'Lobatera','MUNICIPIO',19),
	( 'Michelena','MUNICIPIO',19),
	( 'Panamericano','MUNICIPIO',19),
	( 'Pedro María Ureña','MUNICIPIO',19),
	( 'Rafael Urdaneta','MUNICIPIO',19),
	( 'Samuel Darío Maldonado','MUNICIPIO',19),
	( 'San Cristóbal','MUNICIPIO',19),
	( 'Seboruco','MUNICIPIO',19),
	( 'Simón Rodríguez','MUNICIPIO',19),
	( 'Sucre','MUNICIPIO',19),
	( 'Torbes','MUNICIPIO',19),
	( 'Uribante','MUNICIPIO',19),
	( 'San Judas Tadeo','MUNICIPIO',19),
	( 'Andrés Bello','MUNICIPIO',20),
	( 'Boconó','MUNICIPIO',20),
	( 'Bolívar','MUNICIPIO',20),
	( 'Candelaria','MUNICIPIO',20),
	( 'Carache','MUNICIPIO',20),
	( 'Escuque','MUNICIPIO',20),
	( 'José Felipe Márquez Cañizalez','MUNICIPIO',20),
	( 'Juan Vicente Campos Elías','MUNICIPIO',20),
	( 'La Ceiba','MUNICIPIO',20),
	( 'Miranda','MUNICIPIO',20),
	( 'Monte Carmelo','MUNICIPIO',20),
	( 'Motatán','MUNICIPIO',20),
	( 'Pampán','MUNICIPIO',20),
	( 'Pampanito','MUNICIPIO',20),
	( 'Rafael Rangel','MUNICIPIO',20),
	( 'San Rafael de Carvajal','MUNICIPIO',20),
	( 'Sucre','MUNICIPIO',20),
	( 'Trujillo','MUNICIPIO',20),
	( 'Urdaneta','MUNICIPIO',20),
	( 'Valera','MUNICIPIO',20),
	( 'Vargas','MUNICIPIO',21),
	( 'Arístides Bastidas','MUNICIPIO',22),
	( 'Bolívar','MUNICIPIO',22),
	( 'Bruzual','MUNICIPIO',22),
	( 'Cocorote','MUNICIPIO',22),
	( 'Independencia','MUNICIPIO',22),
	( 'José Antonio Páez','MUNICIPIO',22),
	( 'La Trinidad','MUNICIPIO',22),
	( 'Manuel Monge','MUNICIPIO',22),
	( 'Nirgua','MUNICIPIO',22),
	( 'Peña','MUNICIPIO',22),
	( 'San Felipe','MUNICIPIO',22),
	( 'Sucre','MUNICIPIO',22),
	( 'Urachiche','MUNICIPIO',22),
	( 'José Joaquín Veroes','MUNICIPIO',22),
	( 'Almirante Padilla','MUNICIPIO', 23),
	( 'Baralt','MUNICIPIO', 23),
	( 'Cabimas','MUNICIPIO', 23),
	( 'Catatumbo','MUNICIPIO', 23),
	( 'Colón','MUNICIPIO', 23),
	( 'Francisco Javier Pulgar','MUNICIPIO', 23),
	( 'Guajira','MUNICIPIO', 23),
	( 'Jesús Enrique Losada','MUNICIPIO', 23),
	( 'Jesús María Semprún','MUNICIPIO', 23),
	( 'La Cañada de Urdaneta','MUNICIPIO', 23),
	( 'Lagunillas','MUNICIPIO', 23),
	( 'Machiques de Perijá','MUNICIPIO', 23),
	( 'Mara','MUNICIPIO', 23),
	( 'Maracaibo','MUNICIPIO', 23),
	( 'Miranda','MUNICIPIO', 23),
	( 'Rosario de Perijá','MUNICIPIO', 23),
	( 'San Francisco','MUNICIPIO', 23),
	( 'Santa Rita','MUNICIPIO', 23),
	( 'Simón Bolívar','MUNICIPIO', 23),
	( 'Sucre','MUNICIPIO', 23),
	( 'Valmore Rodríguez','MUNICIPIO', 23),
	('Libertador', 'MUNICIPIO',24),
	( 'Huachamacare','PARROQUIA',25),
	( 'Marawaka ','PARROQUIA',25),
	( 'Mavaca','PARROQUIA',25),
	( 'Sierra Parima','PARROQUIA',25),
	( 'La esmeralda','PARROQUIA',25),
	( 'Ucata','PARROQUIA',26),
	( 'Yapacana','PARROQUIA',26),
	( 'Caname','PARROQUIA',26),
	( 'Atabapo','PARROQUIA',26),
	( 'Fernando Girón Tovar','PARROQUIA',27),
	( 'Luis Alberto Gómez','PARROQUIA',27),
	( 'Parhueña','PARROQUIA',27),
	( 'Platanillal Platanillal','PARROQUIA',27),
	( 'Samariapo','PARROQUIA',28),
	( 'Sipapo','PARROQUIA',28),
	( 'Munduapo','PARROQUIA',28),
	( 'Guayapo','PARROQUIA',28),
	( 'Alto Ventuari','PARROQUIA',29),
	( 'Medio Ventuari','PARROQUIA',29),
	( 'Bajo Ventuari','PARROQUIA',29),
	( 'Victorino','PARROQUIA',30),
	( 'Comunidad','PARROQUIA',30),
	( 'Casiquiare','PARROQUIA',31),
	( 'Cocuy','PARROQUIA',31),
	( 'Solano','PARROQUIA',31),
	( 'Anaco','PARROQUIA',32),
	( 'San Joaquín','PARROQUIA',32),
	( 'Cachipo','PARROQUIA',33),
	( 'Aragua de Barcelona','PARROQUIA',33),
	( 'Clarines','PARROQUIA',34),
	( 'Guanape','PARROQUIA',34),
	( 'Sabana de Uchire','PARROQUIA',34),
	( 'Lechería','PARROQUIA',35),
	( 'El Morro','PARROQUIA',35),
	( 'Puerto Píritu','PARROQUIA',36),
	( 'San Miguel','PARROQUIA',36),
	( 'Sucre','PARROQUIA',36),
	( 'Valle de Guanape','PARROQUIA',37),
	( 'Santa Bárbara','PARROQUIA',37),
	( 'El Chaparro','PARROQUIA',38),
	( 'Tomás Alfaro','PARROQUIA',38),
	( 'Calatrava','PARROQUIA',38),
	( 'Guanta','PARROQUIA',39),
	( 'Chorrerón','PARROQUIA',39),
	( 'Mamo','PARROQUIA',40),
	( 'Soledad','PARROQUIA',40),
	( 'Mapire','PARROQUIA',41),
	( 'Piar','PARROQUIA',41),
	( 'Santa Clara','PARROQUIA',41),
	( 'San Diego de Cabrutica','PARROQUIA',41),
	( 'Uverito','PARROQUIA',41),
	( 'Zuata','PARROQUIA',41),
	( 'Puerto La Cruz','PARROQUIA',42),
	( 'Pozuelos','PARROQUIA',42),
	( 'Onoto','PARROQUIA',43),
	( 'San Pablo','PARROQUIA',43),
	( 'San Mateo','PARROQUIA',44),
	( 'El Carito','PARROQUIA',44),
	( 'Santa Inés','PARROQUIA',44),
	( 'La Romereña','PARROQUIA',44),
	( 'Atapirire','PARROQUIA',45),
	( 'Boca del Pao','PARROQUIA',45),
	( 'El Pao','PARROQUIA',45),
	( 'Pariaguán','PARROQUIA',45),
	( 'Cantaura','PARROQUIA',46),
	( 'Libertador','PARROQUIA',46),
	( 'Santa Rosa','PARROQUIA',46),
	( 'Urica','PARROQUIA',46),
	( 'Píritu','PARROQUIA',47),
	( 'San Francisco','PARROQUIA',47),
	( 'San José de Guanipa','PARROQUIA',48),
	( 'Boca de Uchire','PARROQUIA',49),
	( 'Boca de Chávez','PARROQUIA',49),
	( 'Pueblo Nuevo','PARROQUIA',50),
	( 'Santa Ana','PARROQUIA',50),
	( 'Bergantín','PARROQUIA',51),
	( 'Caigua','PARROQUIA',51),
	( 'El Carmen','PARROQUIA',51),
	( 'El Pilar','PARROQUIA',51),
	( 'Naricual','PARROQUIA',51),
	( 'San Crsitóbal','PARROQUIA',51),
	( 'Edmundo Barrios','PARROQUIA',52),
	( 'Miguel Otero Silva','PARROQUIA',52),
	( 'Achaguas','PARROQUIA',53),
	( 'Apurito','PARROQUIA',53),
	( 'El Yagual','PARROQUIA',53),
	( 'Guachara','PARROQUIA',53),
	( 'Mucuritas','PARROQUIA',53),
	( 'Queseras del medio','PARROQUIA',53),
	( 'Biruaca','PARROQUIA',54),
	( 'Bruzual','PARROQUIA',55),
	( 'Mantecal','PARROQUIA',55),
	( 'Quintero','PARROQUIA',55),
	( 'Rincón Hondo','PARROQUIA',55),
	( 'San Vicente','PARROQUIA',55),
	( 'Guasdualito','PARROQUIA',56),
	( 'Aramendi','PARROQUIA',56),
	( 'El Amparo','PARROQUIA',56),
	( 'San Camilo','PARROQUIA',56),
	( 'Urdaneta','PARROQUIA',56),
	( 'San Juan de Payara','PARROQUIA',57),
	( 'Codazzi','PARROQUIA',57),
	( 'Cunaviche','PARROQUIA',57),
	( 'Elorza','PARROQUIA',58),
	( 'La Trinidad','PARROQUIA',58),
	( 'San Fernando','PARROQUIA',59),
	( 'El Recreo','PARROQUIA',59),
	( 'Peñalver','PARROQUIA',59),
	( 'San Rafael de Atamaica','PARROQUIA',59);
	INSERT INTO lugar(
	tipo_lugar,fk_lugar,nombre_lugar)
	VALUES
	( 'PARROQUIA', 60, 'Pedro José Ovalles'),
	( 'PARROQUIA', 60, 'Joaquín Crespo'),
	( 'PARROQUIA', 60, 'José Casanova Godoy'),
	( 'PARROQUIA', 60, 'Madre María de San José'),
	( 'PARROQUIA', 60, 'Andrés Eloy Blanco'),
	( 'PARROQUIA', 60, 'Los Tacarigua'),
	( 'PARROQUIA', 60, 'Las Delicias'),
	( 'PARROQUIA', 60, 'Choroní'),
	( 'PARROQUIA', 61, 'Bolívar'),
	( 'PARROQUIA', 62, 'Camatagua'),
	( 'PARROQUIA', 62, 'Carmen de Cura'),
	( 'PARROQUIA', 63, 'Santa Rita'),
	( 'PARROQUIA', 63, 'Francisco de Miranda'),
	( 'PARROQUIA', 63, 'Moseñor Feliciano González'),
	( 'PARROQUIA', 64, 'Santa Cruz'),
	( 'PARROQUIA', 65, 'José Félix Ribas'),
	( 'PARROQUIA', 65, 'Castor Nieves Ríos'),
	( 'PARROQUIA', 65, 'Las Guacamayas'),
	( 'PARROQUIA', 65, 'Pao de Zárate'),
	( 'PARROQUIA', 65, 'Zuata'),
	( 'PARROQUIA', 66, 'José Rafael Revenga'),
	( 'PARROQUIA', 67, 'Palo Negro'),
	( 'PARROQUIA', 67, 'San Martín de Porres'),
	( 'PARROQUIA', 68, 'El Limón'),
	( 'PARROQUIA', 68, 'Caña de Azúcar'),
	( 'PARROQUIA', 69, 'Ocumare de la Costa'),
	( 'PARROQUIA', 70, 'San Casimiro'),
	( 'PARROQUIA', 70, 'Güiripa'),
	( 'PARROQUIA', 70, 'Ollas de Caramacate'),
	( 'PARROQUIA', 70, 'Valle Morín'),
	( 'PARROQUIA', 71, 'San Sebastían'),
	( 'PARROQUIA', 72, 'Turmero'),
	( 'PARROQUIA', 72, 'Arevalo Aponte'),
	( 'PARROQUIA', 72, 'Chuao'),
	( 'PARROQUIA', 72, 'Samán de Güere'),
	( 'PARROQUIA', 72, 'Alfredo Pacheco Miranda'),
	( 'PARROQUIA', 73, 'Santos Michelena'),
	( 'PARROQUIA', 73, 'Tiara'),
	( 'PARROQUIA', 74, 'Cagua'),
	( 'PARROQUIA', 74, 'Bella Vista'),
	( 'PARROQUIA', 75, 'Tovar'),
	( 'PARROQUIA', 76, 'Urdaneta'),
	( 'PARROQUIA', 76, 'Las Peñitas'),
	( 'PARROQUIA', 76, 'San Francisco de Cara'),
	( 'PARROQUIA', 76, 'Taguay'),
	( 'PARROQUIA', 77, 'Zamora'),
	( 'PARROQUIA', 77, 'Magdaleno'),
	( 'PARROQUIA', 77, 'San Francisco de Asís'),
	( 'PARROQUIA', 77, 'Valles de Tucutunemo'),
	( 'PARROQUIA', 77, 'Augusto Mijares'),
	( 'PARROQUIA', 78, 'Sabaneta'),
	( 'PARROQUIA', 78, 'Juan Antonio Rodríguez Domínguez'),
	( 'PARROQUIA', 79, 'El Cantón'),
	( 'PARROQUIA', 79, 'Santa Cruz de Guacas'),
	( 'PARROQUIA', 79, 'Puerto Vivas'),
	( 'PARROQUIA', 80, 'Ticoporo'),
	( 'PARROQUIA', 80, 'Nicolás Pulido'),
	( 'PARROQUIA', 80, 'Andrés Bello'),
	( 'PARROQUIA', 81, 'Arismendi'),
	( 'PARROQUIA', 81, 'Guadarrama'),
	( 'PARROQUIA', 81, 'La Unión'),
	( 'PARROQUIA', 81, 'San Antonio'),
	( 'PARROQUIA', 82, 'Barinas'),
	( 'PARROQUIA', 82, 'Alberto Arvelo Larriva'),
	( 'PARROQUIA', 82, 'San Silvestre'),
	( 'PARROQUIA', 82, 'Santa Inés'),
	( 'PARROQUIA', 82, 'Santa Lucía'),
	( 'PARROQUIA', 82, 'Torumos'),
	( 'PARROQUIA', 82, 'El Carmen'),
	( 'PARROQUIA', 82, 'Rómulo Betancourt'),
	( 'PARROQUIA', 82, 'Corazón de Jesús'),
	( 'PARROQUIA', 82, 'Ramón Ignacio Méndez'),
	( 'PARROQUIA', 82, 'Alto Barinas'),
	( 'PARROQUIA', 82, 'Manuel Palacio Fajardo'),
	( 'PARROQUIA', 82, 'Juan Antonio Rodríguez Domínguez'),
	( 'PARROQUIA', 82, 'Dominga Ortiz de Páez'),
	( 'PARROQUIA', 83, 'Barinitas'),
	( 'PARROQUIA', 83, 'Altamira de Cáceres'),
	( 'PARROQUIA', 83, 'Calderas'),
	( 'PARROQUIA', 84, 'Barrancas'),
	( 'PARROQUIA', 84, 'El Socorro'),
	( 'PARROQUIA', 84, 'Mazparrito'),
	( 'PARROQUIA', 85, 'Santa Bárbara'),
	( 'PARROQUIA', 85, 'Pedro Briceño Méndez'),
	( 'PARROQUIA', 85, 'Ramón Ignacio Méndez'),
	( 'PARROQUIA', 85, 'José Ignacio del Pumar'),
	( 'PARROQUIA', 86, 'Obispos'),
	( 'PARROQUIA', 86, 'Guasimitos'),
	( 'PARROQUIA', 86, 'El Real'),
	( 'PARROQUIA', 86, 'La Luz'),
	( 'PARROQUIA', 87, 'Ciudad Bolívia'),
	( 'PARROQUIA', 87, 'José Ignacio Briceño'),
	( 'PARROQUIA', 87, 'José Félix Ribas'),
	( 'PARROQUIA', 87, 'Páez'),
	( 'PARROQUIA', 88, 'Libertad'),
	( 'PARROQUIA', 88, 'Dolores'),
	( 'PARROQUIA', 88, 'Santa Rosa'),
	( 'PARROQUIA', 88, 'Palacio Fajardo'),
	( 'PARROQUIA', 89, 'Ciudad de Nutrias'),
	( 'PARROQUIA', 89, 'El Regalo'),
	( 'PARROQUIA', 89, 'Puerto Nutrias'),
	( 'PARROQUIA', 89, 'Santa Catalina'),
	( 'PARROQUIA', 90, 'Cachamay'),
	( 'PARROQUIA', 90, 'Chirica'),
	( 'PARROQUIA', 90, 'Dalla Costa'),
	( 'PARROQUIA', 90, 'Once de Abril'),
	( 'PARROQUIA', 90, 'Simón Bolívar'),
	( 'PARROQUIA', 90, 'Unare'),
	( 'PARROQUIA', 90, 'Universidad'),
	( 'PARROQUIA', 90, 'Vista al Sol'),
	( 'PARROQUIA', 90, 'Pozo Verde'),
	( 'PARROQUIA', 90, 'Yocoima'),
	( 'PARROQUIA', 90, '5 de Julio'),
	( 'PARROQUIA', 91, 'Cedeño'),
	( 'PARROQUIA', 91, 'Altagracia'),
	( 'PARROQUIA', 91, 'Ascensión Farreras'),
	( 'PARROQUIA', 91, 'Guaniamo'),
	( 'PARROQUIA', 91, 'La Urbana'),
	( 'PARROQUIA', 91, 'Pijiguaos'),
	( 'PARROQUIA', 92, 'El Callao'),
	( 'PARROQUIA', 93, 'Gran Sabana'),
	( 'PARROQUIA', 93, 'Ikabarú'),
	( 'PARROQUIA', 94, 'Catedral'),
	( 'PARROQUIA', 94, 'Zea'),
	( 'PARROQUIA', 94, 'Orinoco'),
	( 'PARROQUIA', 94, 'José Antonio Páez'),
	( 'PARROQUIA', 94, 'Marhuanta'),
	( 'PARROQUIA', 94, 'Agua Salada'),
	( 'PARROQUIA', 94, 'Vista Hermosa'),
	( 'PARROQUIA', 94, 'La Sabanita'),
	( 'PARROQUIA', 94, 'Panapana'),
	( 'PARROQUIA', 95, 'Andrés Eloy Blanco'),
	( 'PARROQUIA', 95, 'Pedro Cova'),
	( 'PARROQUIA', 96, 'Raúl Leoni'),
	( 'PARROQUIA', 96, 'Barceloneta'),
	( 'PARROQUIA', 96, 'Santa Bárbara'),
	( 'PARROQUIA', 96, 'San Francisco'),
	( 'PARROQUIA', 97, 'Roscio'),
	( 'PARROQUIA', 97, 'Salóm'),
	( 'PARROQUIA', 98, 'Sifontes'),
	( 'PARROQUIA', 98, 'Dalla Costa'),
	( 'PARROQUIA', 98, 'San Isidro'),
	( 'PARROQUIA', 99, 'Sucre'),
	( 'PARROQUIA', 99, 'Aripao'),
	( 'PARROQUIA', 99, 'Guarataro'),
	( 'PARROQUIA', 99, 'Las Majadas'),
	( 'PARROQUIA', 99, 'Moitaco'),
	( 'PARROQUIA', 100, 'Padre Pedro Chien'),
	( 'PARROQUIA', 100, 'Río Grande'),
	( 'PARROQUIA', 101, 'Bejuma'),
	( 'PARROQUIA', 101, 'Canoabo'),
	( 'PARROQUIA', 101, 'Simón Bolívar'),
	( 'PARROQUIA', 102, 'Güigüe'),
	( 'PARROQUIA', 102, 'Carabobo'),
	( 'PARROQUIA', 102, 'Tacarigua'),
	( 'PARROQUIA', 103, 'Mariara'),
	( 'PARROQUIA', 103, 'Aguas Calientes'),
	( 'PARROQUIA', 104, 'Ciudad Alianza'),
	( 'PARROQUIA', 104, 'Guacara'),
	( 'PARROQUIA', 104, 'Yagua'),
	( 'PARROQUIA', 105, 'Morón'),
	( 'PARROQUIA', 105, 'Yagua'),
	( 'PARROQUIA', 106, 'Tocuyito'),
	( 'PARROQUIA', 106, 'Independencia'),
	( 'PARROQUIA', 107, 'Los Guayos'),
	( 'PARROQUIA', 108, 'Miranda'),
	( 'PARROQUIA', 109, 'Montalbán'),
	( 'PARROQUIA', 110, 'Naguanagua'),
	( 'PARROQUIA', 111, 'Bartolomé Salóm'),
	( 'PARROQUIA', 111, 'Democracia'),
	( 'PARROQUIA', 111, 'Fraternidad'),
	( 'PARROQUIA', 111, 'Goaigoaza'),
	( 'PARROQUIA', 111, 'Juan José Flores'),
	( 'PARROQUIA', 111, 'Unión'),
	( 'PARROQUIA', 111, 'Borburata'),
	( 'PARROQUIA', 111, 'Patanemo'),
	( 'PARROQUIA', 112, 'San Diego'),
	( 'PARROQUIA', 113, 'San Joaquín'),
	( 'PARROQUIA', 114, 'Candelaria'),
	( 'PARROQUIA', 114, 'Catedral'),
	( 'PARROQUIA', 114, 'El Socorro'),
	( 'PARROQUIA', 114, 'Miguel Peña'),
	( 'PARROQUIA', 114, 'Rafael Urdaneta'),
	( 'PARROQUIA', 114, 'San Blas'),
	( 'PARROQUIA', 114, 'San José'),
	( 'PARROQUIA', 114, 'Santa Rosa'),
	( 'PARROQUIA', 114, 'Negro Primero'),
	( 'PARROQUIA', 115, 'Cojedes'),
	( 'PARROQUIA', 115, 'Juan de Mata Suárez'),
	( 'PARROQUIA', 116, 'Tinaquillo'),
	( 'PARROQUIA', 117, 'El Baúl'),
	( 'PARROQUIA', 117, 'Sucre'),
	( 'PARROQUIA', 118, 'La Aguadita'),
	( 'PARROQUIA', 118, 'Macapo'),
	( 'PARROQUIA', 119, 'El Pao'),
	( 'PARROQUIA', 120, 'El Amparo'),
	( 'PARROQUIA', 120, 'Libertad de Cojedes'),
	( 'PARROQUIA', 121, 'Rómulo Gallegos'),
	( 'PARROQUIA', 122, 'San Carlos de Austria'),
	( 'PARROQUIA', 122, 'Juan Ángel Bravo'),
	( 'PARROQUIA', 122, 'Manuel Manrique'),
	( 'PARROQUIA', 123, 'General en Jefe José Laurencio Silva'),
	( 'PARROQUIA', 124, 'Curiapo'),
	( 'PARROQUIA', 124, 'Almirante Luis Brión'),
	( 'PARROQUIA', 124, 'Francisco Aniceto Lugo'),
	( 'PARROQUIA', 124, 'Manuel Renaud'),
	( 'PARROQUIA', 124, 'Padre Barral'),
	( 'PARROQUIA', 124, 'Santos de Abelgas'),
	( 'PARROQUIA', 125, 'Imataca'),
	( 'PARROQUIA', 125, 'Cinco de Julio'),
	( 'PARROQUIA', 125, 'Juan Bautista Arismendi'),
	( 'PARROQUIA', 125, 'Manuel Piar'),
	( 'PARROQUIA', 125, 'Rómulo Gallegos'),
	( 'PARROQUIA', 126, 'Pedernales'),
	( 'PARROQUIA', 126, 'Luis Beltrán Prieto Figueroa'),
	( 'PARROQUIA', 127, 'San José (Delta Amacuro)'),
	( 'PARROQUIA', 127, 'José Vidal Marcano'),
	( 'PARROQUIA', 127, 'Juan Millán'),
	( 'PARROQUIA', 127, 'Leonardo Ruíz Pineda'),
	( 'PARROQUIA', 127, 'Mariscal Antonio José de Sucre'),
	( 'PARROQUIA', 127, 'Monseñor Argimiro García'),
	( 'PARROQUIA', 127, 'San Rafael (Delta Amacuro)'),
	( 'PARROQUIA', 127, 'Virgen del Valle'),
	( 'PARROQUIA', 128, 'Capadare'),
	( 'PARROQUIA', 128, 'La Pastora'),
	( 'PARROQUIA', 128, 'Libertador'),
	( 'PARROQUIA', 128, 'San Juan de los Cayos'),
	( 'PARROQUIA', 129, 'Aracua'),
	( 'PARROQUIA', 129, 'La Peña'),
	( 'PARROQUIA', 129, 'San Luis'),
	( 'PARROQUIA', 130, 'Bariro'),
	( 'PARROQUIA', 130, 'Borojó'),
	( 'PARROQUIA', 130, 'Capatárida'),
	( 'PARROQUIA', 130, 'Guajiro'),
	( 'PARROQUIA', 130, 'Seque'),
	( 'PARROQUIA', 130, 'Zazárida'),
	( 'PARROQUIA', 130, 'Valle de Eroa'),
	( 'PARROQUIA', 131, 'Cacique Manaure'),
	( 'PARROQUIA', 132, 'Norte'),
	( 'PARROQUIA', 132, 'Carirubana'),
	( 'PARROQUIA', 132, 'Santa Ana'),
	( 'PARROQUIA', 132, 'Urbana Punta Cardón'),
	( 'PARROQUIA', 133, 'La Vela de Coro'),
	( 'PARROQUIA', 133, 'Acurigua'),
	( 'PARROQUIA', 133, 'Guaibacoa'),
	( 'PARROQUIA', 133, 'Las Calderas'),
	( 'PARROQUIA', 133, 'Macoruca'),
	( 'PARROQUIA', 134, 'Dabajuro'),
	( 'PARROQUIA', 135, 'Agua Clara'),
	( 'PARROQUIA', 135, 'Avaria'),
	( 'PARROQUIA', 135, 'Pedregal'),
	( 'PARROQUIA', 135, 'Piedra Grande'),
	( 'PARROQUIA', 135, 'Purureche'),
	( 'PARROQUIA', 136, 'Adaure'),
	( 'PARROQUIA', 136, 'Adícora'),
	( 'PARROQUIA', 136, 'Baraived'),
	( 'PARROQUIA', 136, 'Buena Vista'),
	( 'PARROQUIA', 136, 'Jadacaquiva'),
	( 'PARROQUIA', 136, 'El Vínculo'),
	( 'PARROQUIA', 136, 'El Hato'),
	( 'PARROQUIA', 136, 'Moruy'),
	( 'PARROQUIA', 136, 'Pueblo Nuevo'),
	( 'PARROQUIA', 137, 'Agua Larga'),
	( 'PARROQUIA', 137, 'El Paují'),
	( 'PARROQUIA', 137, 'Independencia'),
	( 'PARROQUIA', 137, 'Mapararí'),
	( 'PARROQUIA', 137, 'Churuguara'),
	( 'PARROQUIA', 138, 'Agua Linda'),
	( 'PARROQUIA', 138, 'Araurima'),
	( 'PARROQUIA', 138, 'Jacura'),
	( 'PARROQUIA', 139, 'Tucacas'),
	( 'PARROQUIA', 139, 'Boca de Aroa'),
	( 'PARROQUIA', 140, 'Los Taques'),
	( 'PARROQUIA', 140, 'Judibana'),
	( 'PARROQUIA', 141, 'Mene de Mauroa'),
	( 'PARROQUIA', 141, 'San Félix'),
	( 'PARROQUIA', 141, 'Casigua'),
	( 'PARROQUIA', 142, 'Guzmán Guillermo'),
	( 'PARROQUIA', 142, 'Mitare'),
	( 'PARROQUIA', 142, 'Río Seco'),
	( 'PARROQUIA', 142, 'Sabaneta'),
	( 'PARROQUIA', 142, 'San Antonio'),
	( 'PARROQUIA', 142, 'San Gabriel'),
	( 'PARROQUIA', 142, 'Santa Ana'),
	( 'PARROQUIA', 143, 'Boca del Tocuyo'),
	( 'PARROQUIA', 143, 'Chichiriviche'),
	( 'PARROQUIA', 143, 'Tocuyo de la Costa'),
	( 'PARROQUIA', 144, 'Palmasola'),
	( 'PARROQUIA', 145, 'Cabure'),
	( 'PARROQUIA', 145, 'Colina'),
	( 'PARROQUIA', 145, 'Curimagua'),
	( 'PARROQUIA', 146, 'San José de la Costa'),
	( 'PARROQUIA', 146, 'Píritu'),
	( 'PARROQUIA', 147, 'San Francisco'),
	( 'PARROQUIA', 148, 'Sucre'),
	( 'PARROQUIA', 148, 'Pecaya'),
	( 'PARROQUIA', 149, 'Tocópero'),
	( 'PARROQUIA', 150, 'El Charal'),
	( 'PARROQUIA', 150, 'Las Vegas del Tuy'),
	( 'PARROQUIA', 150, 'Santa Cruz de Bucaral'),
	( 'PARROQUIA', 151, 'Bruzual'),
	( 'PARROQUIA', 151, 'Urumaco'),
	( 'PARROQUIA', 152, 'Puerto Cumarebo'),
	( 'PARROQUIA', 152, 'La Ciénaga'),
	( 'PARROQUIA', 152, 'La Soledad'),
	( 'PARROQUIA', 152, 'Pueblo Cumarebo'),
	( 'PARROQUIA', 152, 'Zazárida'),
	( 'PARROQUIA', 153, 'Camaguán'),
	( 'PARROQUIA', 153, 'Puerto Miranda'),
	( 'PARROQUIA', 153, 'Uverito'),
	( 'PARROQUIA', 154, 'Chaguaramas'),
	( 'PARROQUIA', 155, 'El Socorro'),
	( 'PARROQUIA', 156, 'Tucupido'),
	( 'PARROQUIA', 156, 'San Rafael de Laya'),
	( 'PARROQUIA', 157, 'Altagracia de Orituco'),
	( 'PARROQUIA', 157, 'San Rafael de Orituco'),
	( 'PARROQUIA', 157, 'San Francisco Javier de Lezama'),
	( 'PARROQUIA', 157, 'Paso Real de Macaira'),
	( 'PARROQUIA', 157, 'Carlos Soublette'),
	( 'PARROQUIA', 157, 'San Francisco de Macaira'),
	( 'PARROQUIA', 157, 'Libertad de Orituco'),
	( 'PARROQUIA', 158, 'Cantaclaro'),
	( 'PARROQUIA', 158, 'San Juan de los Morros'),
	( 'PARROQUIA', 158, 'Parapara'),
	( 'PARROQUIA', 159, 'El Sombrero'),
	( 'PARROQUIA', 159, 'Sosa'),
	( 'PARROQUIA', 160, 'Las Mercedes'),
	( 'PARROQUIA', 160, 'Cabruta'),
	( 'PARROQUIA', 160, 'Santa Rita de Manapire'),
	( 'PARROQUIA', 161, 'Valle de la Pascua'),
	( 'PARROQUIA', 161, 'Espino'),
	( 'PARROQUIA', 162, 'San José de Unare'),
	( 'PARROQUIA', 162, 'Zaraza'),
	( 'PARROQUIA', 163, 'San José de Tiznados'),
	( 'PARROQUIA', 163, 'San Francisco de Tiznados'),
	( 'PARROQUIA', 163, 'San Lorenzo de Tiznados'),
	( 'PARROQUIA', 163, 'Ortiz'),
	( 'PARROQUIA', 164, 'Guayabal'),
	( 'PARROQUIA', 164, 'Cazorla'),
	( 'PARROQUIA', 165, 'San José de Guaribe'),
	( 'PARROQUIA', 165, 'Uveral'),
	( 'PARROQUIA', 166, 'Santa María de Ipire'),
	( 'PARROQUIA', 166, 'Altamira'),
	( 'PARROQUIA', 167, 'El Calvario'),
	( 'PARROQUIA', 167, 'El Rastro'),
	( 'PARROQUIA', 167, 'Guardatinajas'),
	( 'PARROQUIA', 167, 'Capital Urbana Calabozo'),
	( 'PARROQUIA', 168, 'Quebrada Honda de Guache'),
	( 'PARROQUIA', 168, 'Pío Tamayo'),
	( 'PARROQUIA', 168, 'Yacambú'),
	( 'PARROQUIA', 169, 'Fréitez'),
	( 'PARROQUIA', 169, 'José María Blanco'),
	( 'PARROQUIA', 170, 'Catedral'),
	( 'PARROQUIA', 170, 'Concepción'),
	( 'PARROQUIA', 170, 'El Cují'),
	( 'PARROQUIA', 170, 'Juan de Villegas'),
	( 'PARROQUIA', 170, 'Santa Rosa'),
	( 'PARROQUIA', 170, 'Tamaca'),
	( 'PARROQUIA', 170, 'Unión'),
	( 'PARROQUIA', 170, 'Aguedo Felipe Alvarado'),
	( 'PARROQUIA', 170, 'Buena Vista'),
	( 'PARROQUIA', 170, 'Juárez'),
	( 'PARROQUIA', 171, 'Juan Bautista Rodríguez'),
	( 'PARROQUIA', 171, 'Cuara'),
	( 'PARROQUIA', 171, 'Diego de Lozada'),
	( 'PARROQUIA', 171, 'Paraíso de San José'),
	( 'PARROQUIA', 171, 'San Miguel'),
	( 'PARROQUIA', 171, 'Tintorero'),
	( 'PARROQUIA', 171, 'José Bernardo Dorante'),
	( 'PARROQUIA', 171, 'Coronel Mariano Peraza '),
	( 'PARROQUIA', 172, 'Bolívar'),
	( 'PARROQUIA', 172, 'Anzoátegui'),
	( 'PARROQUIA', 172, 'Guarico'),
	( 'PARROQUIA', 172, 'Hilario Luna y Luna'),
	( 'PARROQUIA', 172, 'Humocaro Alto'),
	( 'PARROQUIA', 172, 'Humocaro Bajo'),
	( 'PARROQUIA', 172, 'La Candelaria'),
	( 'PARROQUIA', 172, 'Morán'),
	( 'PARROQUIA', 173, 'Cabudare'),
	( 'PARROQUIA', 173, 'José Gregorio Bastidas'),
	( 'PARROQUIA', 173, 'Agua Viva'),
	( 'PARROQUIA', 174, 'Sarare'),
	( 'PARROQUIA', 174, 'Buría'),
	( 'PARROQUIA', 174, 'Gustavo Vegas León'),
	( 'PARROQUIA', 175, 'Trinidad Samuel'),
	( 'PARROQUIA', 175, 'Antonio Díaz'),
	( 'PARROQUIA', 175, 'Camacaro'),
	( 'PARROQUIA', 175, 'Castañeda'),
	( 'PARROQUIA', 175, 'Cecilio Zubillaga'),
	( 'PARROQUIA', 175, 'Chiquinquirá'),
	( 'PARROQUIA', 175, 'El Blanco'),
	( 'PARROQUIA', 175, 'Espinoza de los Monteros'),
	( 'PARROQUIA', 175, 'Lara'),
	( 'PARROQUIA', 175, 'Las Mercedes'),
	( 'PARROQUIA', 175, 'Manuel Morillo'),
	( 'PARROQUIA', 175, 'Montaña Verde'),
	( 'PARROQUIA', 175, 'Montes de Oca'),
	( 'PARROQUIA', 175, 'Torres'),
	( 'PARROQUIA', 175, 'Heriberto Arroyo'),
	( 'PARROQUIA', 175, 'Reyes Vargas'),
	( 'PARROQUIA', 175, 'Altagracia'),
	( 'PARROQUIA', 176, 'Siquisique'),
	( 'PARROQUIA', 176, 'Moroturo'),
	( 'PARROQUIA', 176, 'San Miguel'),
	( 'PARROQUIA', 176, 'Xaguas'),
	( 'PARROQUIA', 177, 'Presidente Betancourt'),
	( 'PARROQUIA', 177, 'Presidente Páez'),
	( 'PARROQUIA', 177, 'Presidente Rómulo Gallegos'),
	( 'PARROQUIA', 177, 'Gabriel Picón González'),
	( 'PARROQUIA', 177, 'Héctor Amable Mora'),
	( 'PARROQUIA', 177, 'José Nucete Sardi'),
	( 'PARROQUIA', 177, 'Pulido Méndez'),
	( 'PARROQUIA', 178, 'La Azulita'),
	( 'PARROQUIA', 179, 'Santa Cruz de Mora'),
	( 'PARROQUIA', 179, 'Mesa Bolívar'),
	( 'PARROQUIA', 179, 'Mesa de Las Palmas'),
	( 'PARROQUIA', 180, 'Aricagua'),
	( 'PARROQUIA', 180, 'San Antonio'),
	( 'PARROQUIA', 181, 'Canagua'),
	( 'PARROQUIA', 181, 'Capurí'),
	( 'PARROQUIA', 181, 'Chacantá'),
	( 'PARROQUIA', 181, 'El Molino'),
	( 'PARROQUIA', 181, 'Guaimaral'),
	( 'PARROQUIA', 181, 'Mucutuy'),
	( 'PARROQUIA', 181, 'Mucuchachí'),
	( 'PARROQUIA', 182, 'Fernández Peña'),
	( 'PARROQUIA', 182, 'Matriz'),
	( 'PARROQUIA', 182, 'Montalbán'),
	( 'PARROQUIA', 182, 'Acequias'),
	( 'PARROQUIA', 182, 'Jají'),
	( 'PARROQUIA', 182, 'La Mesa'),
	( 'PARROQUIA', 182, 'San José del Sur'),
	( 'PARROQUIA', 183, 'Tucaní'),
	( 'PARROQUIA', 183, 'Florencio Ramírez'),
	( 'PARROQUIA', 184, 'Santo Domingo'),
	( 'PARROQUIA', 184, 'Las Piedras'),
	( 'PARROQUIA', 185, 'Guaraque'),
	( 'PARROQUIA', 185, 'Mesa de Quintero'),
	( 'PARROQUIA', 185, 'Río Negro'),
	( 'PARROQUIA', 186, 'Arapuey'),
	( 'PARROQUIA', 186, 'Palmira'),
	( 'PARROQUIA', 187, 'San Cristóbal de Torondoy'),
	( 'PARROQUIA', 187, 'Torondoy'),
	( 'PARROQUIA', 188, 'Antonio Spinetti Dini'),
	( 'PARROQUIA', 188, 'Arias'),
	( 'PARROQUIA', 188, 'Caracciolo Parra Pérez'),
	( 'PARROQUIA', 188, 'Domingo Peña'),
	( 'PARROQUIA', 188, 'El Llano'),
	( 'PARROQUIA', 188, 'Gonzalo Picón Febres'),
	( 'PARROQUIA', 188, 'Jacinto Plaza'),
	( 'PARROQUIA', 188, 'Juan Rodríguez Suárez'),
	( 'PARROQUIA', 188, 'Lasso de la Vega'),
	( 'PARROQUIA', 188, 'Mariano Picón Salas'),
	( 'PARROQUIA', 188, 'Milla'),
	( 'PARROQUIA', 188, 'Osuna Rodríguez'),
	( 'PARROQUIA', 188, 'Sagrario'),
	( 'PARROQUIA', 188, 'El Morro'),
	( 'PARROQUIA', 188, 'Los Nevados'),
	( 'PARROQUIA', 189, 'Andrés Eloy Blanco'),
	( 'PARROQUIA', 189, 'La Venta'),
	( 'PARROQUIA', 189, 'Piñango'),
	( 'PARROQUIA', 189, 'Timotes'),
	( 'PARROQUIA', 190, 'Eloy Paredes'),
	( 'PARROQUIA', 190, 'San Rafael de Alcázar'),
	( 'PARROQUIA', 190, 'Santa Elena de Arenales'),
	( 'PARROQUIA', 191, 'Santa María de Caparo'),
	( 'PARROQUIA', 192, 'Pueblo Llano'),
	( 'PARROQUIA', 193, 'Cacute'),
	( 'PARROQUIA', 193, 'La Toma'),
	( 'PARROQUIA', 193, 'Mucuchíes'),
	( 'PARROQUIA', 193, 'Mucurubá'),
	( 'PARROQUIA', 193, 'San Rafael'),
	( 'PARROQUIA', 194, 'Gerónimo Maldonado'),
	( 'PARROQUIA', 194, 'Bailadores'),
	( 'PARROQUIA', 195, 'Tabay'),
	( 'PARROQUIA', 196, 'Chiguará'),
	( 'PARROQUIA', 196, 'Estánquez'),
	( 'PARROQUIA', 196, 'Lagunillas'),
	( 'PARROQUIA', 196, 'La Trampa'),
	( 'PARROQUIA', 196, 'Pueblo Nuevo del Sur'),
	( 'PARROQUIA', 196, 'San Juan'),
	( 'PARROQUIA', 197, 'El Amparo'),
	( 'PARROQUIA', 197, 'El Llano'),
	( 'PARROQUIA', 197, 'San Francisco'),
	( 'PARROQUIA', 197, 'Tovar'),
	( 'PARROQUIA', 198, 'Independencia'),
	( 'PARROQUIA', 198, 'María de la Concepción Palacios Blanco'),
	( 'PARROQUIA', 198, 'Nueva Bolivia'),
	( 'PARROQUIA', 198, 'Santa Apolonia'),
	( 'PARROQUIA', 199, 'Caño El Tigre'),
	( 'PARROQUIA', 199, 'Zea'),
	( 'PARROQUIA', 200, 'Aragüita'),
	( 'PARROQUIA', 200, 'Arévalo González'),
	( 'PARROQUIA', 200, 'Capaya'),
	( 'PARROQUIA', 200, 'Caucagua'),
	( 'PARROQUIA', 200, 'Panaquire'),
	( 'PARROQUIA', 200, 'Ribas'),
	( 'PARROQUIA', 200, 'El Café'),
	( 'PARROQUIA', 200, 'Marizapa'),
	( 'PARROQUIA', 201, 'Cumbo'),
	( 'PARROQUIA', 201, 'San José de Barlovento'),
	( 'PARROQUIA', 202, 'El Cafetal'),
	( 'PARROQUIA', 202, 'Las Minas'),
	( 'PARROQUIA', 202, 'Nuestra Señora del Rosario'),
	( 'PARROQUIA', 203, 'Higuerote'),
	( 'PARROQUIA', 203, 'Curiepe'),
	( 'PARROQUIA', 203, 'Tacarigua de Brión'),
	( 'PARROQUIA', 204, 'Mamporal'),
	( 'PARROQUIA', 205, 'Carrizal'),
	( 'PARROQUIA', 206, 'Chacao'),
	( 'PARROQUIA', 207, 'Charallave'),
	( 'PARROQUIA', 207, 'Las Brisas'),
	( 'PARROQUIA', 208, 'El Hatillo'),
	( 'PARROQUIA', 209, 'Altagracia de la Montaña'),
	( 'PARROQUIA', 209, 'Cecilio Acosta'),
	( 'PARROQUIA', 209, 'Los Teques'),
	( 'PARROQUIA', 209, 'El Jarillo'),
	( 'PARROQUIA', 209, 'San Pedro'),
	( 'PARROQUIA', 209, 'Tácata'),
	( 'PARROQUIA', 209, 'Paracotos'),
	( 'PARROQUIA', 210, 'Cartanal'),
	( 'PARROQUIA', 210, 'Santa Teresa del Tuy'),
	( 'PARROQUIA', 211, 'La Democracia'),
	( 'PARROQUIA', 211, 'Ocumare del Tuy'),
	( 'PARROQUIA', 211, 'Santa Bárbara'),
	( 'PARROQUIA', 212, 'San Antonio de los Altos'),
	( 'PARROQUIA', 213, 'Río Chico'),
	( 'PARROQUIA', 213, 'El Guapo'),
	( 'PARROQUIA', 213, 'Tacarigua de la Laguna'),
	( 'PARROQUIA', 213, 'Paparo'),
	( 'PARROQUIA', 213, 'San Fernando del Guapo'),
	( 'PARROQUIA', 214, 'Santa Lucía del Tuy'),
	( 'PARROQUIA', 215, 'Cúpira'),
	( 'PARROQUIA', 215, 'Machurucuto'),
	( 'PARROQUIA', 216, 'Guarenas'),
	( 'PARROQUIA', 217, 'San Antonio de Yare'),
	( 'PARROQUIA', 217, 'San Francisco de Yare'),
	( 'PARROQUIA', 218, 'Leoncio Martínez'),
	( 'PARROQUIA', 218, 'Petare'),
	( 'PARROQUIA', 218, 'Caucagüita'),
	( 'PARROQUIA', 218, 'Filas de Mariche'),
	( 'PARROQUIA', 218, 'La Dolorita'),
	( 'PARROQUIA', 219, 'Cúa'),
	( 'PARROQUIA', 219, 'Nueva Cúa'),
	( 'PARROQUIA', 220, 'Guatire'),
	( 'PARROQUIA', 220, 'Bolívar'),
	( 'PARROQUIA', 221, 'San Antonio de Maturín'),
	( 'PARROQUIA', 221, 'San Francisco de Maturín'),
	( 'PARROQUIA', 222, 'Aguasay'),
	( 'PARROQUIA', 223, 'Caripito'),
	( 'PARROQUIA', 224, 'El Guácharo'),
	( 'PARROQUIA', 224, 'La Guanota'),
	( 'PARROQUIA', 224, 'Sabana de Piedra'),
	( 'PARROQUIA', 224, 'San Agustín'),
	( 'PARROQUIA', 224, 'Teresen'),
	( 'PARROQUIA', 224, 'Caripe'),
	( 'PARROQUIA', 225, 'Areo'),
	( 'PARROQUIA', 225, 'Capital Cedeño'),
	( 'PARROQUIA', 225, 'San Félix de Cantalicio'),
	( 'PARROQUIA', 225, 'Viento Fresco'),
	( 'PARROQUIA', 226, 'El Tejero'),
	( 'PARROQUIA', 226, 'Punta de Mata'),
	( 'PARROQUIA', 227, 'Chaguaramas'),
	( 'PARROQUIA', 227, 'Las Alhuacas'),
	( 'PARROQUIA', 227, 'Tabasca'),
	( 'PARROQUIA', 227, 'Temblador'),
	( 'PARROQUIA', 228, 'Alto de los Godos'),
	( 'PARROQUIA', 228, 'Boquerón'),
	( 'PARROQUIA', 228, 'Las Cocuizas'),
	( 'PARROQUIA', 228, 'La Cruz'),
	( 'PARROQUIA', 228, 'San Simón'),
	( 'PARROQUIA', 228, 'El Corozo'),
	( 'PARROQUIA', 228, 'El Furrial'),
	( 'PARROQUIA', 228, 'Jusepín'),
	( 'PARROQUIA', 228, 'La Pica'),
	( 'PARROQUIA', 228, 'San Vicente'),
	( 'PARROQUIA', 229, 'Aparicio'),
	( 'PARROQUIA', 229, 'Aragua de Maturín'),
	( 'PARROQUIA', 229, 'Chaguamal'),
	( 'PARROQUIA', 229, 'El Pinto'),
	( 'PARROQUIA', 229, 'Guanaguana'),
	( 'PARROQUIA', 229, 'La Toscana'),
	( 'PARROQUIA', 229, 'Taguaya'),
	( 'PARROQUIA', 230, 'Cachipo'),
	( 'PARROQUIA', 230, 'Quiriquire'),
	( 'PARROQUIA', 231, 'Santa Bárbara'),
	( 'PARROQUIA', 232, 'Barrancas'),
	( 'PARROQUIA', 232, 'Los Barrancos de Fajardo'),
	( 'PARROQUIA', 233, 'Uracoa'),
	( 'PARROQUIA', 234, 'Antolín del Campo'),
	( 'PARROQUIA', 235, 'Arismendi'),
	( 'PARROQUIA', 236, 'García'),
	( 'PARROQUIA', 236, 'Francisco Fajardo'),
	( 'PARROQUIA', 237, 'Bolívar'),
	( 'PARROQUIA', 237, 'Guevara'),
	( 'PARROQUIA', 237, 'Matasiete'),
	( 'PARROQUIA', 237, 'Santa Ana'),
	( 'PARROQUIA', 237, 'Sucre'),
	( 'PARROQUIA', 238, 'Aguirre'),
	( 'PARROQUIA', 238, 'Maneiro'),
	( 'PARROQUIA', 239, 'Adrián'),
	( 'PARROQUIA', 239, 'Juan Griego'),
	( 'PARROQUIA', 239, 'Yaguaraparo'),
	( 'PARROQUIA', 240, 'Porlamar'),
	( 'PARROQUIA', 241, 'San Francisco de Macanao'),
	( 'PARROQUIA', 241, 'Boca de Río'),
	( 'PARROQUIA', 242, 'Tubores'),
	( 'PARROQUIA', 242, 'Los Baleales'),
	( 'PARROQUIA', 243, 'Vicente Fuentes'),
	( 'PARROQUIA', 243, 'Villalba'),
	( 'PARROQUIA', 244, 'San Juan Bautista'),
	( 'PARROQUIA', 244, 'Zabala'),
	( 'PARROQUIA', 245, 'Agua Blanca'),
	( 'PARROQUIA', 246, 'Capital Araure'),
	( 'PARROQUIA', 246, 'Río Acarigua'),
	( 'PARROQUIA', 247, 'Capital Esteller'),
	( 'PARROQUIA', 247, 'Uveral'),
	( 'PARROQUIA', 248, 'Guanare'),
	( 'PARROQUIA', 248, 'Córdoba'),
	( 'PARROQUIA', 248, 'San José de la Montaña'),
	( 'PARROQUIA', 248, 'San Juan de Guanaguanare'),
	( 'PARROQUIA', 248, 'Virgen de la Coromoto'),
	( 'PARROQUIA', 249, 'Guanarito'),
	( 'PARROQUIA', 249, 'Trinidad de la Capilla'),
	( 'PARROQUIA', 249, 'Divina Pastora'),
	( 'PARROQUIA', 250, 'Monseñor José Vicente de Unda'),
	( 'PARROQUIA', 250, 'Peña Blanca'),
	( 'PARROQUIA', 251, 'Capital Ospino'),
	( 'PARROQUIA', 251, 'Aparición'),
	( 'PARROQUIA', 251, 'La Estación'),
	( 'PARROQUIA', 252, 'Páez'),
	( 'PARROQUIA', 252, 'Payara'),
	( 'PARROQUIA', 252, 'Pimpinela'),
	( 'PARROQUIA', 252, 'Ramón Peraza'),
	( 'PARROQUIA', 253, 'Papelón'),
	( 'PARROQUIA', 253, 'Caño Delgadito'),
	( 'PARROQUIA', 254, 'San Genaro de Boconoito'),
	( 'PARROQUIA', 254, 'Antolín Tovar'),
	( 'PARROQUIA', 255, 'San Rafael de Onoto'),
	( 'PARROQUIA', 255, 'Santa Fe'),
	( 'PARROQUIA', 255, 'Thermo Morles'),
	( 'PARROQUIA', 256, 'Santa Rosalía'),
	( 'PARROQUIA', 256, 'Florida'),
	( 'PARROQUIA', 257, 'Sucre'),
	( 'PARROQUIA', 257, 'Concepción'),
	( 'PARROQUIA', 257, 'San Rafael de Palo Alzado'),
	( 'PARROQUIA', 257, 'Uvencio Antonio Velásquez'),
	( 'PARROQUIA', 257, 'San José de Saguaz'),
	( 'PARROQUIA', 257, 'Villa Rosa'),
	( 'PARROQUIA', 258, 'Turén'),
	( 'PARROQUIA', 258, 'Canelones'),
	( 'PARROQUIA', 258, 'Santa Cruz'),
	( 'PARROQUIA', 258, 'San Isidro Labrador'),
	( 'PARROQUIA', 259, 'Mariño'),
	( 'PARROQUIA', 259, 'Rómulo Gallegos'),
	( 'PARROQUIA', 260, 'San José de Aerocuar'),
	( 'PARROQUIA', 260, 'Tavera Acosta'),
	( 'PARROQUIA', 261, 'Río Caribe'),
	( 'PARROQUIA', 261, 'Antonio José de Sucre'),
	( 'PARROQUIA', 261, 'El Morro de Puerto Santo'),
	( 'PARROQUIA', 261, 'Puerto Santo'),
	( 'PARROQUIA', 261, 'San Juan de las Galdonas'),
	( 'PARROQUIA', 262, 'El Pilar'),
	( 'PARROQUIA', 262, 'El Rincón'),
	( 'PARROQUIA', 262, 'General Francisco Antonio Váquez'),
	( 'PARROQUIA', 262, 'Guaraúnos'),
	( 'PARROQUIA', 262, 'Tunapuicito'),
	( 'PARROQUIA', 262, 'Unión'),
	( 'PARROQUIA', 263, 'Santa Catalina'),
	( 'PARROQUIA', 263, 'Santa Rosa'),
	( 'PARROQUIA', 263, 'Santa Teresa'),
	( 'PARROQUIA', 263, 'Bolívar'),
	( 'PARROQUIA', 263, 'Maracapana'),
	( 'PARROQUIA', 265, 'Libertad'),
	( 'PARROQUIA', 265, 'El Paujil'),
	( 'PARROQUIA', 265, 'Yaguaraparo'),
	( 'PARROQUIA', 266, 'Cruz Salmerón Acosta'),
	( 'PARROQUIA', 266, 'Chacopata'),
	( 'PARROQUIA', 266, 'Manicuare'),
	( 'PARROQUIA', 267, 'Tunapuy'),
	( 'PARROQUIA', 267, 'Campo Elías'),
	( 'PARROQUIA', 268, 'Irapa'),
	( 'PARROQUIA', 268, 'Campo Claro'),
	( 'PARROQUIA', 268, 'Maraval'),
	( 'PARROQUIA', 268, 'San Antonio de Irapa'),
	( 'PARROQUIA', 268, 'Soro'),
	( 'PARROQUIA', 269, 'Mejía'),
	( 'PARROQUIA', 270, 'Cumanacoa'),
	( 'PARROQUIA', 270, 'Arenas'),
	( 'PARROQUIA', 270, 'Aricagua'),
	( 'PARROQUIA', 270, 'Cogollar'),
	( 'PARROQUIA', 270, 'San Fernando'),
	( 'PARROQUIA', 270, 'San Lorenzo'),
	( 'PARROQUIA', 271, 'Villa Frontado (Muelle de Cariaco)'),
	( 'PARROQUIA', 271, 'Catuaro'),
	( 'PARROQUIA', 271, 'Rendón'),
	( 'PARROQUIA', 271, 'San Cruz'),
	( 'PARROQUIA', 271, 'Santa María'),
	( 'PARROQUIA', 272, 'Altagracia'),
	( 'PARROQUIA', 272, 'Santa Inés'),
	( 'PARROQUIA', 272, 'Valentín Valiente'),
	( 'PARROQUIA', 272, 'Ayacucho'),
	( 'PARROQUIA', 272, 'San Juan'),
	( 'PARROQUIA', 272, 'Raúl Leoni'),
	( 'PARROQUIA', 272, 'Gran Mariscal'),
	( 'PARROQUIA', 273, 'Cristóbal Colón'),
	( 'PARROQUIA', 273, 'Bideau'),
	( 'PARROQUIA', 273, 'Punta de Piedras'),
	( 'PARROQUIA', 273, 'Güiria'),
	( 'PARROQUIA', 274, 'Andrés Bello'),
	( 'PARROQUIA', 275, 'Antonio Rómulo Costa'),
	( 'PARROQUIA', 276, 'Ayacucho'),
	( 'PARROQUIA', 276, 'Rivas Berti'),
	( 'PARROQUIA', 276, 'San Pedro del Río'),
	( 'PARROQUIA', 277, 'Bolívar'),
	( 'PARROQUIA', 277, 'Palotal'),
	( 'PARROQUIA', 277, 'General Juan Vicente Gómez'),
	( 'PARROQUIA', 277, 'Isaías Medina Angarita'),
	( 'PARROQUIA', 278, 'Cárdenas'),
	( 'PARROQUIA', 278, 'Amenodoro Ángel Lamus'),
	( 'PARROQUIA', 278, 'La Florida'),
	( 'PARROQUIA', 279, 'Córdoba'),
	( 'PARROQUIA', 280, 'Fernández Feo'),
	( 'PARROQUIA', 280, 'Alberto Adriani'),
	( 'PARROQUIA', 280, 'Santo Domingo'),
	( 'PARROQUIA', 281, 'Francisco de Miranda'),
	( 'PARROQUIA', 282, 'García de Hevia'),
	( 'PARROQUIA', 282, 'Boca de Grita'),
	( 'PARROQUIA', 282, 'José Antonio Páez'),
	( 'PARROQUIA', 283, 'Guásimos'),
	( 'PARROQUIA', 284, 'Independencia'),
	( 'PARROQUIA', 284, 'Juan Germán Roscio'),
	( 'PARROQUIA', 284, 'Román Cárdenas'),
	( 'PARROQUIA', 285, 'Jáuregui'),
	( 'PARROQUIA', 285, 'Emilio Constantino Guerrero'),
	( 'PARROQUIA', 285, 'Monseñor Miguel Antonio Salas'),
	( 'PARROQUIA', 286, 'José María Vargas'),
	( 'PARROQUIA', 287, 'Junín'),
	( 'PARROQUIA', 287, 'La Petrólea'),
	( 'PARROQUIA', 287, 'Quinimarí'),
	( 'PARROQUIA', 287, 'Bramón'),
	( 'PARROQUIA', 288, 'Libertad'),
	( 'PARROQUIA', 288, 'Cipriano Castro'),
	( 'PARROQUIA', 288, 'Manuel Felipe Rugeles'),
	( 'PARROQUIA', 289, 'Libertador'),
	( 'PARROQUIA', 289, 'Doradas'),
	( 'PARROQUIA', 289, 'Emeterio Ochoa'),
	( 'PARROQUIA', 289, 'San Joaquín de Navay'),
	( 'PARROQUIA', 290, 'Lobatera'),
	( 'PARROQUIA', 290, 'Constitución'),
	( 'PARROQUIA', 291, 'Michelena'),
	( 'PARROQUIA', 292, 'Panamericano'),
	( 'PARROQUIA', 292, 'La Palmita'),
	( 'PARROQUIA', 293, 'Pedro María Ureña'),
	( 'PARROQUIA', 293, 'Nueva Arcadia'),
	( 'PARROQUIA', 294, 'Delicias'),
	( 'PARROQUIA', 294, 'Pecaya'),
	( 'PARROQUIA', 295, 'Samuel Darío Maldonado'),
	( 'PARROQUIA', 295, 'Boconó'),
	( 'PARROQUIA', 295, 'Hernández'),
	( 'PARROQUIA', 296, 'La Concordia'),
	( 'PARROQUIA', 296, 'San Juan Bautista'),
	( 'PARROQUIA', 296, 'Pedro María Morantes'),
	( 'PARROQUIA', 296, 'San Sebastián'),
	( 'PARROQUIA', 296, 'Dr. Francisco Romero Lobo'),
	( 'PARROQUIA', 297, 'Seboruco'),
	( 'PARROQUIA', 298, 'Simón Rodríguez'),
	( 'PARROQUIA', 299, 'Sucre'),
	( 'PARROQUIA', 299, 'Eleazar López Contreras'),
	( 'PARROQUIA', 299, 'San Pablo'),
	( 'PARROQUIA', 300, 'Torbes'),
	( 'PARROQUIA', 301, 'Uribante'),
	( 'PARROQUIA', 301, 'Cárdenas'),
	( 'PARROQUIA', 301, 'Juan Pablo Peñalosa'),
	( 'PARROQUIA', 301, 'Potosí'),
	( 'PARROQUIA', 302, 'San Judas Tadeo'),
	( 'PARROQUIA', 303, 'Araguaney'),
	( 'PARROQUIA', 303, 'El Jaguito'),
	( 'PARROQUIA', 303, 'La Esperanza'),
	( 'PARROQUIA', 303, 'Santa Isabel'),
	( 'PARROQUIA', 304, 'Boconó'),
	( 'PARROQUIA', 304, 'El Carmen'),
	( 'PARROQUIA', 304, 'Mosquey'),
	( 'PARROQUIA', 304, 'Ayacucho'),
	( 'PARROQUIA', 304, 'Burbusay'),
	( 'PARROQUIA', 304, 'General Ribas'),
	( 'PARROQUIA', 304, 'Guaramacal'),
	( 'PARROQUIA', 304, 'Vega de Guaramacal'),
	( 'PARROQUIA', 304, 'Monseñor Jáuregui'),
	( 'PARROQUIA', 304, 'Rafael Rangel'),
	( 'PARROQUIA', 304, 'San Miguel'),
	( 'PARROQUIA', 304, 'San José'),
	( 'PARROQUIA', 305, 'Sabana Grande'),
	( 'PARROQUIA', 305, 'Cheregüé'),
	( 'PARROQUIA', 305, 'Granados'),
	( 'PARROQUIA', 306, 'Arnoldo Gabaldón'),
	( 'PARROQUIA', 306, 'Bolivia'),
	( 'PARROQUIA', 306, 'Carrillo'),
	( 'PARROQUIA', 306, 'Cegarra'),
	( 'PARROQUIA', 306, 'Chejendé'),
	( 'PARROQUIA', 306, 'Manuel Salvador Ulloa'),
	( 'PARROQUIA', 306, 'San José'),
	( 'PARROQUIA', 307, 'Carache'),
	( 'PARROQUIA', 307, 'La Concepción'),
	( 'PARROQUIA', 307, 'Cuicas'),
	( 'PARROQUIA', 307, 'Panamericana'),
	( 'PARROQUIA', 307, 'Santa Cruz'),
	( 'PARROQUIA', 308, 'Escuque'),
	( 'PARROQUIA', 308, 'La Unión'),
	( 'PARROQUIA', 308, 'Santa Rita'),
	( 'PARROQUIA', 308, 'Sabana Libre'),
	( 'PARROQUIA', 309, 'El Socorro'),
	( 'PARROQUIA', 309, 'Los Caprichos'),
	( 'PARROQUIA', 309, 'Antonio José de Sucre'),
	( 'PARROQUIA', 310, 'Campo Elías'),
	( 'PARROQUIA', 310, 'Arnoldo Gabaldón'),
	( 'PARROQUIA', 311, 'Santa Apolonia'),
	( 'PARROQUIA', 311, 'El Progreso'),
	( 'PARROQUIA', 311, 'La Ceiba'),
	( 'PARROQUIA', 311, 'Tres de Febrero'),
	( 'PARROQUIA', 312, 'El Dividive'),
	( 'PARROQUIA', 312, 'Agua Santa'),
	( 'PARROQUIA', 312, 'Agua Caliente'),
	( 'PARROQUIA', 312, 'El Cenizo'),
	( 'PARROQUIA', 312, 'Valerita'),
	( 'PARROQUIA', 313, 'Monte Carmelo'),
	( 'PARROQUIA', 313, 'Buena Vista'),
	( 'PARROQUIA', 313, 'Santa María del Horcón'),
	( 'PARROQUIA', 314, 'Motatán'),
	( 'PARROQUIA', 314, 'El Baño'),
	( 'PARROQUIA', 314, 'Jalisco'),
	( 'PARROQUIA', 315, 'Pampán'),
	( 'PARROQUIA', 315, 'Flor de Patria'),
	( 'PARROQUIA', 315, 'La Paz'),
	( 'PARROQUIA', 315, 'Santa Ana'),
	( 'PARROQUIA', 316, 'Pampanito'),
	( 'PARROQUIA', 316, 'La Concepción'),
	( 'PARROQUIA', 316, 'Pampanito II'),
	( 'PARROQUIA', 317, 'Betijoque'),
	( 'PARROQUIA', 317, 'José Gregorio Hernández'),
	( 'PARROQUIA', 317, 'La Pueblita'),
	( 'PARROQUIA', 317, 'Los Cedros'),
	( 'PARROQUIA', 318, 'Carvajal'),
	( 'PARROQUIA', 318, 'Campo Alegre'),
	( 'PARROQUIA', 318, 'Antonio Nicolás Briceño'),
	( 'PARROQUIA', 318, 'José Leonardo Suárez'),
	( 'PARROQUIA', 319, 'Sabana de Mendoza'),
	( 'PARROQUIA', 319, 'Junín'),
	( 'PARROQUIA', 319, 'Valmore Rodríguez'),
	( 'PARROQUIA', 319, 'El Paraíso'),
	( 'PARROQUIA', 320, 'Andrés Linares'),
	( 'PARROQUIA', 320, 'Chiquinquirá'),
	( 'PARROQUIA', 320, 'Cristóbal Mendoza'),
	( 'PARROQUIA', 320, 'Cruz Carrillo'),
	( 'PARROQUIA', 320, 'Matriz'),
	( 'PARROQUIA', 320, 'Monseñor Carrillo'),
	( 'PARROQUIA', 320, 'Tres Esquinas'),
	( 'PARROQUIA', 321, 'Cabimbú'),
	( 'PARROQUIA', 321, 'Jajó'),
	( 'PARROQUIA', 321, 'La Mesa de Esnujaque'),
	( 'PARROQUIA', 321, 'Santiago'),
	( 'PARROQUIA', 321, 'Tuñame'),
	( 'PARROQUIA', 321, 'La Quebrada'),
	( 'PARROQUIA', 322, 'Juan Ignacio Montilla'),
	( 'PARROQUIA', 322, 'La Beatriz'),
	( 'PARROQUIA', 322, 'La Puerta'),
	( 'PARROQUIA', 322, 'Mendoza del Valle de Momboy'),
	( 'PARROQUIA', 322, 'Mercedes Díaz'),
	( 'PARROQUIA', 322, 'San Luis'),
	( 'PARROQUIA', 323, 'Caraballeda'),
	( 'PARROQUIA', 323, 'Carayaca'),
	( 'PARROQUIA', 323, 'Carlos Soublette'),
	( 'PARROQUIA', 323, 'Caruao Chuspa'),
	( 'PARROQUIA', 323, 'Catia La Mar'),
	( 'PARROQUIA', 323, 'El Junko'),
	( 'PARROQUIA', 323, 'La Guaira'),
	( 'PARROQUIA', 323, 'Macuto'),
	( 'PARROQUIA', 323, 'Maiquetía'),
	( 'PARROQUIA', 323, 'Naiguatá'),
	( 'PARROQUIA', 323, 'Urimare'),
	( 'PARROQUIA', 324, 'Arístides Bastidas'),
	( 'PARROQUIA', 325, 'Bolívar'),
	( 'PARROQUIA', 326, 'Chivacoa'),
	( 'PARROQUIA', 326, 'Campo Elías'),
	( 'PARROQUIA', 327, 'Cocorote'),
	( 'PARROQUIA', 328, 'Independencia'),
	( 'PARROQUIA', 329, 'José Antonio Páez'),
	( 'PARROQUIA', 330, 'La Trinidad'),
	( 'PARROQUIA', 331, 'Manuel Monge'),
	( 'PARROQUIA', 332, 'Salóm'),
	( 'PARROQUIA', 332, 'Temerla'),
	( 'PARROQUIA', 332, 'Nirgua'),
	( 'PARROQUIA', 333, 'San Andrés'),
	( 'PARROQUIA', 333, 'Yaritagua'),
	( 'PARROQUIA', 334, 'San Javier'),
	( 'PARROQUIA', 334, 'Albarico'),
	( 'PARROQUIA', 334, 'San Felipe'),
	( 'PARROQUIA', 335, 'Sucre'),
	( 'PARROQUIA', 336, 'Urachiche'),
	( 'PARROQUIA', 337, 'El Guayabo'),
	( 'PARROQUIA', 337, 'Farriar'),
	( 'PARROQUIA', 338, 'Isla de Toas'),
	( 'PARROQUIA', 338, 'Monagas'),
	( 'PARROQUIA', 339, 'San Timoteo'),
	( 'PARROQUIA', 339, 'General Urdaneta'),
	( 'PARROQUIA', 339, 'Libertador'),
	( 'PARROQUIA', 339, 'Marcelino Briceño'),
	( 'PARROQUIA', 339, 'Pueblo Nuevo'),
	( 'PARROQUIA', 339, 'Manuel Guanipa Matos'),
	( 'PARROQUIA', 340, 'Ambrosio'),
	( 'PARROQUIA', 340, 'Carmen Herrera'),
	( 'PARROQUIA', 340, 'La Rosa'),
	( 'PARROQUIA', 340, 'Germán Ríos Linares'),
	( 'PARROQUIA', 340, 'San Benito'),
	( 'PARROQUIA', 340, 'Rómulo Betancourt'),
	( 'PARROQUIA', 340, 'Jorge Hernández'),
	( 'PARROQUIA', 340, 'Punta Gorda'),
	( 'PARROQUIA', 340, 'Arístides Calvani'),
	( 'PARROQUIA', 341, 'Encontrados'),
	( 'PARROQUIA', 341, 'Udón Pérez'),
	( 'PARROQUIA', 342, 'Moralito'),
	( 'PARROQUIA', 342, 'San Carlos del Zulia'),
	( 'PARROQUIA', 342, 'Santa Cruz del Zulia'),
	( 'PARROQUIA', 342, 'Santa Bárbara'),
	( 'PARROQUIA', 342, 'Urribarrí'),
	( 'PARROQUIA', 343, 'Carlos Quevedo'),
	( 'PARROQUIA', 343, 'Francisco Javier Pulgar'),
	( 'PARROQUIA', 343, 'Simón Rodríguez'),
	( 'PARROQUIA', 343, 'Guamo-Gavilanes'),
	( 'PARROQUIA', 344, 'Sinamaica'),
	( 'PARROQUIA', 344, 'Alta Guajira'),
	( 'PARROQUIA', 344, 'Elías Sánchez Rubio'),
	( 'PARROQUIA', 344, 'Guajira'),
	( 'PARROQUIA', 345, 'La Concepción'),
	( 'PARROQUIA', 345, 'San José'),
	( 'PARROQUIA', 345, 'Mariano Parra León'),
	( 'PARROQUIA', 345, 'José Ramón Yépez'),
	( 'PARROQUIA', 346, 'Jesús María Semprún'),
	( 'PARROQUIA', 346, 'Barí'),
	( 'PARROQUIA', 347, 'Concepción'),
	( 'PARROQUIA', 347, 'Andrés Bello'),
	( 'PARROQUIA', 347, 'Chiquinquirá'),
	( 'PARROQUIA', 347, 'El Carmelo'),
	( 'PARROQUIA', 347, 'Potreritos'),
	( 'PARROQUIA', 348, 'Libertad'),
	( 'PARROQUIA', 348, 'Alonso de Ojeda'),
	( 'PARROQUIA', 348, 'Venezuela'),
	( 'PARROQUIA', 348, 'Eleazar López Contreras'),
	( 'PARROQUIA', 348, 'Campo Lara'),
	( 'PARROQUIA', 349, 'Bartolomé de las Casas'),
	( 'PARROQUIA', 349, 'Libertad'),
	( 'PARROQUIA', 349, 'Río Negro'),
	( 'PARROQUIA', 349, 'San José de Perijá'),
	( 'PARROQUIA', 350, 'San Rafael'),
	( 'PARROQUIA', 350, 'La Sierrita'),
	( 'PARROQUIA', 350, 'Las Parcelas'),
	( 'PARROQUIA', 350, 'Luis de Vicente'),
	( 'PARROQUIA', 350, 'Monseñor Marcos Sergio Godoy'),
	( 'PARROQUIA', 350, 'Ricaurte'),
	( 'PARROQUIA', 350, 'Tamare'),
	( 'PARROQUIA', 351, 'Antonio Borjas Romero'),
	( 'PARROQUIA', 351, 'Bolívar'),
	( 'PARROQUIA', 351, 'Cacique Mara'),
	( 'PARROQUIA', 351, 'Carracciolo Parra Pérez'),
	( 'PARROQUIA', 351, 'Cecilio Acosta'),
	( 'PARROQUIA', 351, 'Cristo de Aranza'),
	( 'PARROQUIA', 351, 'Coquivacoa'),
	( 'PARROQUIA', 351, 'Chiquinquirá'),
	( 'PARROQUIA', 351, 'Francisco Eugenio Bustamante'),
	( 'PARROQUIA', 351, 'Idelfonzo Vásquez'),
	( 'PARROQUIA', 351, 'Juana de Ávila'),
	( 'PARROQUIA', 351, 'Luis Hurtado Higuera'),
	( 'PARROQUIA', 351, 'Manuel Dagnino'),
	( 'PARROQUIA', 351, 'Olegario Villalobos'),
	( 'PARROQUIA', 351, 'Raúl Leoni'),
	( 'PARROQUIA', 351, 'Santa Lucía'),
	( 'PARROQUIA', 351, 'Venancio Pulgar'),
	( 'PARROQUIA', 351, 'San Isidro'),
	( 'PARROQUIA', 352, 'Altagracia'),
	( 'PARROQUIA', 352, 'Faría'),
	( 'PARROQUIA', 352, 'Ana María Campos'),
	( 'PARROQUIA', 352, 'San Antonio'),
	( 'PARROQUIA', 352, 'San José'),
	( 'PARROQUIA', 353, 'Donaldo García'),
	( 'PARROQUIA', 353, 'El Rosario'),
	( 'PARROQUIA', 353, 'Sixto Zambrano'),
	( 'PARROQUIA', 354, 'San Francisco'),
	( 'PARROQUIA', 354, 'El Bajo'),
	( 'PARROQUIA', 354, 'Domitila Flores'),
	( 'PARROQUIA', 354, 'Francisco Ochoa'),
	( 'PARROQUIA', 354, 'Los Cortijos'),
	( 'PARROQUIA', 354, 'Marcial Hernández'),
	( 'PARROQUIA', 355, 'Santa Rita'),
	( 'PARROQUIA', 355, 'El Mene'),
	( 'PARROQUIA', 355, 'Pedro Lucas Urribarrí'),
	( 'PARROQUIA', 355, 'José Cenobio Urribarrí'),
	( 'PARROQUIA', 356, 'Rafael Maria Baralt'),
	( 'PARROQUIA', 356, 'Manuel Manrique'),
	( 'PARROQUIA', 356, 'Rafael Urdaneta'),
	( 'PARROQUIA', 357, 'Bobures'),
	( 'PARROQUIA', 357, 'Gibraltar'),
	( 'PARROQUIA', 357, 'Heras'),
	( 'PARROQUIA', 357, 'Monseñor Arturo Álvarez'),
	( 'PARROQUIA', 357, 'Rómulo Gallegos'),
	( 'PARROQUIA', 357, 'El Batey'),
	( 'PARROQUIA', 358, 'Rafael Urdaneta'),
	( 'PARROQUIA', 358, 'La Victoria'),
	( 'PARROQUIA', 358, 'Raúl Cuenca'),
	( 'PARROQUIA', 359, 'Altagracia'),
	( 'PARROQUIA', 359, 'Antímano'),
	( 'PARROQUIA', 359, 'Caricuao'),
	( 'PARROQUIA', 359, 'Catedral'),
	( 'PARROQUIA', 359, 'Coche'),
	( 'PARROQUIA', 359, 'El Junquito'),
	( 'PARROQUIA', 359, 'El Paraíso'),
	( 'PARROQUIA', 359, 'El Recreo'),
	( 'PARROQUIA', 359, 'El Valle'),
	( 'PARROQUIA', 359, 'La Candelaria'),
	( 'PARROQUIA', 359, 'La Pastora'),
	( 'PARROQUIA', 359, 'La Vega'),
	( 'PARROQUIA', 359, 'Macarao'),
	( 'PARROQUIA', 359, 'San Agustín'),
	( 'PARROQUIA', 359, 'San Bernardino'),
	( 'PARROQUIA', 359, 'San José'),
	( 'PARROQUIA', 359, 'San Juan'),
	( 'PARROQUIA', 359, 'San Pedro'),
	( 'PARROQUIA', 359, 'Santa Rosalía'),
	( 'PARROQUIA', 359, 'Santa Teresa'),
	( 'PARROQUIA', 359, 'Sucre (Catia)'),
	( 'PARROQUIA', 359, '23 de enero');

    /*empresa aliada*/
    insert into empresa_aliada(nombre_empresa,fecha_creacion_empresa,descripcion_empresa,fk_lugar)
values 
('CVG Venalum','06-29-1973','Tiene la finalidad de producir aluminio primario en diversas formas para fines de exportación',609),
('CVG Minerven','05-30-1970','La empresa es una organización líder en la industria minera y promotora del desarrollo integral de la región, mediante la participación de inversiones que agreguen valor a la industria y mejoren la calidad de vida de las comunidades. ',588),
('CVG Mivelaz',null,null,365),
('CVG Veneral','08-12-1992',null,373),
('CVG Fistral',null,null,386),
('CVG Promoven','05-06-2002','La segunda compañía minera más grande del mundo (con un segundo lugar en la producción de níquel, cobre, aluminio y alúmina.)',407),
('CVG Prosein',null,'Tiene presencia en más de 40 países y cuenta con más de 60.000 empleados, con un fuerte dominio en cuanto a producción de hierro, uranio, cobre, carbón y diamantes',450),
('CVG Pascal','11-11-1911',null,461),
('CVG Salice','12-12-1912',null,477),
('CVG Granada','08-08-1988',null,492),
('CVG Jazcal',null,null,521),
('CVG Boenflontein','06-06-1998',null,536),
('CVG Riga','09-30-1995','Destaca en la producción de cobre, mineral de hierro, níquel, carbón metalúrgico y carbón térmico y diamantes; es el mayor productor mundial de platino, con alrededor del 40% de la producción mundial.',828),
('CVG Jartum','03-22-1915',null,642),
('CVG Tunez',null,null,660),
('CVG Valeben','05-05-1975',null,671),
('CVG Damasco','08-03-2005','Es el productor de más bajo costo de cobre del mundo y uno de los mayores productores mundiales de oro. ',677),
('CVG Cairo','08-28-1976',null,682),
('CVG Guaire','07-09-1980',null,696),
('CVG Diaven','06-13-1984',null,712),
('CVG Salicin',null,null,781),
('CVG Guazdal','08-03-1990',null,799),
('CVG Namena',null,'Es el tercer productor de aluminio en el mundo, además tiene presencia en la industria aeroespacial, de construcción y automoción.',819),
('CVG Viena','11-11-1911',null,823),
('CVG Nairobi','01-20-1920',null,881),
('CVG Abuja',null,null,892),
('CVG Kigali','04-04-1984',null,909),
('CVG Venoro',null,'Es una compañía que se ha destacado por establecer el uso de practicas sostenibles como estrategia para la industria de la minería. ',968),
('CVG Lome','03-09-1945',null,1007),
('CVG Dodoma','05-08-1999',null,1018),
('CVG Harare','03-15-1974',null,1025),
('CVG Kamberra','12-15-1984','Los activos de la empresa incluyen cuatro minas en Canadá, cuatro en México y cuatro en Centroamérica y Sudamérica.',1060),
('CVG Simon Bolivar',null,null,1062),
('CVG Orinoco',null,null,1069),
('CVG Paez',null,null,1085),
('CVG A.E.B','01-30-1979','Una cartera de activos duraderos y de alta calidad permite a la Empresa posicionarse para entregar un valor a largo plazo. ',1091),
('CVG Leoni','09-10-1993',null,1131),
('CVG Santa Barbara','12-18-1995',null,1136),
('CVG Security','06-06-1969',null,1180),
('CVG Patria','05-28-1979',null,1198),
('CVG Hugo Chavez','05-26-1971',null,1249),
('CVG Minedam','10-14-1930',null,1266),
('CVG Sifontes',null,null,1339),
('CVG Güiye','08-29-1959',null,1344),
('CVG Alianza','12-08-1973',null,1351),
('CVG Unidos',null,null,1358),
('CVG Vista al sol',null,null,1371),
('CVG Carrazco',null,null,1380),
('CVG Zaraza',null,null,1489),
('CVG Dante',null,null,1487)
;

/* query: consultar estado y municipio de una parroquia dada*/
select uno.nombre_lugar,dos.nombre_lugar,tres.nombre_lugar
from lugar uno,lugar dos,lugar tres
where tres.fk_lugar=dos.id_lugar and
tres.id_lugar=367 and dos.fk_lugar=uno.id_lugar ;
/*dado un municipio mostrar todas sus parroquias*/
select dos.nombre_lugar
from lugar uno,lugar dos
where dos.fk_lugar=uno.id_lugar and
uno.id_lugar=26;

/*INSERTS YACIMIENTO */
insert into yacimiento(nombre_yacimiento,fk_lugar,fk_tipo_status,kilometros)
values ('Atapuerca',364,1,205.34),
('Ampurias',365,1,106.34),
('Cueva de Altamira',366,1,115.4),
('El Pao',367,1,100.2),
('El imperial',368,1,145.45),
('Chuquicamata',385,1,174.28),
('Escondida',386,1,94.32),
('El Teniente',387,1,83.32),
('Ex Disputada',388,1,102.08),
('Regalito',389,1,96.32),
('Colorado',445,1,102.42),
('Pinton',446,1,89.73),
('El turpial',447,1,190.65),
('La cueva',448,1,143.54),
('Los condes',449,1,187.94),
('Los bronces',470,1,103.74),
('Medalla de oro',471,1,93.94),
('El centro',472,1,109.84),
('Tunel',473,1,200.5),
('El salvador',474,1,123.54),
('El cielo',519,1,182.54),
('La pelea',520,1,125.64),
('La foza',521,1,95.55),
('Granada',522,1,106.34),
('Zakhum',523,1,123.54),
('Luzardo',571,1,104.54),
('Cachamai',572,1,148.38),
('Sayabah',573,1,122.82),
('Kisol',574,1,90.67),
('Babal',575,1,103.54),
('La Canoa',618,1,113.24),
('El ascensor',619,1,134.64),
('Zuluf',620,1,230.44),
('Profal',621,1,83.26),
('Qatire',622,1,84.27),
('Dorosa',658,1,89.97),
('Dolores',659,1,184.27),
('Yukera',660,1,163.57),
('Terama',661,1,103.44),
('Pahala',662,1,111.13),
('Kuala',672,1,111.13),
('Loro',673,1,111.13),
('Pandes',674,1,111.13),
('El rosal',675,1,111.13),
('Disel',676,1,111.13),
('Gruesa',694,1,111.13),
('Waraira',695,1,111.13),
('Biruta',696,1,111.13),
('Kizomba',697,1,131.13),
('Drawal',698,1,141.13),
('Filomena',776,1,151.13),
('Herradura',777,1,161.13),
('Bones',778,1,181.13),
('Zijul',779,1,171.13),
('Djadzu',780,1,154.13),
('Fedorovo',816,1,131.33),
('Fernando',817,1,154.73),
('Casaca',818,1,135.164),
('El Hogar',819,1,156.64),
('Km 42',820,1,366.34),
('Frijol',879,1,134.13),
('Km 80',880,1,165.13),
('Hojal',881,1,146.63),
('Garrafa',882,1,164.35),
('Sicile',883,1,118.83),
('Garrafon',968,1,138.43),
('Azulejo',969,1,134.43),
('El riachuelo',970,1,107.13),
('Harare',971,1,199.90),
('Yamousk',972,1,198.83),
('Wazaka',1017,1,103.93),
('Roland',1018,1,122.65),
('Fiji',1019,1,134.65),
('Suva',1020,1,143.65),
('El señor',1021,1,124.45),
('Aristobulo',1059,1,186.63),
('Isturiz',1060,1,175.43),
('El alcon',1061,1,124.65),
('Ojo negro',1062,1,165.34),
('Sisan',1063,1,142.54),
('Palito',1082,1,134.64),
('Km 92',1083,1,125.83),
('Djaka',1084,1,176.76),
('Falcao',1085,1,148.58),
('Fistelli',1086,1,174.74),
('Francos',1123,1,155.74),
('Los hermanos',1124,1,174.33),
('Arteaga',1125,1,137.774),
('Yaounde',1126,1,144.65),
('Fristal',1127,1,145.74),
('Filili',1178,1,145.74),
('Antoan',1179,1,145.74),
('Newton',1180,1,145.74),
('Ukali',1181,1,145.74),
('Drimal',1182,1,175.76),
('Buyun',1246,1,124.32),
('Filo',1247,1,175.43),
('Atara',1248,1,135.65),
('Poper',1249,1,153.43),
('Prisma',1250,1,142.74),
('Cayaca',1340,1,142.9),
('El cayao',1341,1,188.78),
('Simona',1342,1,177.87),
('Stantum',1343,1,156.67),
('Warrior',1344,1,142.64),
('Asno',1349,1,149.94),
('El Dilema',1350,1,142.64),
('Pocoro',1351,1,198.43),
('Palele',1352,1,194.53),
('Prusia',1353,1,139.54),
('Ferrero',1370,1,139.54),
('Rapidin',1371,1,139.54),
('Fishere',1372,1,139.54),
('Toyata',1373,1,139.54),
('Foraz',1374,1,139.54),
('San Antonio',1490,1,139.54),
('La vela',1491,1,139.54),
('Km 33',1492,1,139.54),
('Diaspor',1493,1,139.54),
('Jose Felix',1494,1,139.54)
;

/*inserts de proyectos*/
insert into proyecto(nombre_proyecto,duracion_proyecto,fk_yacimiento,fk_tipo_status)
values ('Proyecto Atapuerca',400,5,2),
('Proyecto Ampurias',500,6,2),
('Proyecto Cueva de Altamira',350,7,3),
('Proyecto El Pao',400,8,4),

('Proyecto Chuquicamata',500,10,2),
('Proyecto Escondida',300,11,2),
('Proyecto El teniente',500,12,4),
('Proyecto Ex diputada',600,13,3),

('Proyecto Colorado',300,15,2),
('Proyecto Pinton',200,16,2),
('Proyecto El turpial',250,17,3),
('Proyecto La cueva',200,18,4),

('Proyecto Los bronces',200,20,2),
('Proyecto Medalla de oro',300,21,2),
('Proyecto El centro',250,22,3),
('Proyecto Tunel',300,23,4),

('Proyecto El cielo',200,25,2),
('Proyecto La pelea',300,26,2),
('Proyecto La foza',250,27,3),
('Proyecto Granada',350,28,4),

('Proyecto Luzardo',200,30,2),
('Proyecto Cachamai',300,31,2),
('Proyecto Sayabah',250,32,3),
('Proyecto Kisol',400,33,4),

('Proyecto La canoa',200,35,2),
('Proyecto Ascensor',250,36,2),
('Proyecto Zuluf',300,37,3),
('Proyecto Profal',250,38,4),

('Proyecto Dorosa',200,40,2),
('Proyecto Dolores',250,41,2),
('Proyecto Yukera',300,42,4),
('Proyecto Terama',400,43,3),

('Proyecto Kuala',400,45,3),
('Proyecto Loro',450,46,2),
('Proyecto Pandes',440,47,4),
('Proyecto El rosal',300,48,2),

('Proyecto Gruesa',420,50,3),
('Proyecto Waraira',440,51,2),
('Proyecto Biruta',460,52,2),
('Proyecto Kizomba',300,53,4),

('Proyecto Filomena',440,55,3),
('Proyecto Herradura',300,56,4),
('Proyecto Bones',400,57,2),
('Proyecto Zijul',450,58,2),

('Proyecto Fedorovo',400,50,2),
('Proyecto Fernando',400,51,2),
('Proyecto Casaca',400,52,3),
('Proyecto El Hogar',400,53,4),

('Proyecto Frijol',400,55,3),
('Proyecto Km 80',450,56,2),
('Proyecto Hojal',320,57,2),
('Proyecto Garrafa',430,58,4),

('Proyecto Garrafon',420,60,2),
('Proyecto Azulejo',330,61,2),
('Proyecto El riachuelo',420,62,3),
('Proyecto Harare',450,63,4),

('Proyecto Wazaka',420,64,3),
('Proyecto Roland',300,65,2),
('Proyecto Fiji',200,66,2),
('Proyecto Suva',200,67,4),

('Proyecto Aristobulo',420,69,3),
('Proyecto Isturiz',330,70,2),
('Proyecto El alcon',300,71,2),
('Proyecto Ojo Negro',400,72,4),

('Proyecto Palito',400,74,3),
('Proyecto Km 92',420,75,4),
('Proyecto Djaka',200,76,2),
('Proyecto Falcao',200,77,2),

('Proyecto Francos',420,79,3),
('Proyecto Los hermanos',200,80,4),
('Proyecto Arreaga',300,81,2),
('Proyecto Yaounde',420,82,2),

('Proyecto Filili',420,84,3),
('Proyecto Antoan',400,85,2),
('Proyecto Newton',300,86,2),
('Proyecto Ukali',320,87,4),

('Proyecto Buyun',420,89,3),
('Proyecto Filo',400,90,2),
('Proyecto Atara',320,91,2),
('Proyecto Poper',400,92,4),

('Proyecto Cayaca',420,94,3),
('Proyecto Callao',230,95,2),
('Proyecto Simona',120,96,2),
('Proyecto Stantum',140,97,4),

('Proyecto Asno',420,99,3),
('Proyecto El dilema',200,100,2),
('Proyecto Pocoro',230,101,2),
('Proyecto Palele',200,102,4),

('Proyecto Ferrero',420,104,3),
('Proyecto Rapidin',120,105,2),
('Proyecto Fishere',150,106,2),
('Proyecto Toyata',200,107,4),

('Proyecto San Antonio',420,109,3),
('Proyecto La vela',230,110,2),
('Proyecto Km 33',230,111,2),
('Proyecto Diaspor',220,112,4);


insert into etapa_explotacion(nombre_etapa,duracion_etapa,descripcion_etapa,costo_etapa,numero_etapa,fk_proyecto,fk_tipo_status)
values ('Atapuerca',200,null,200000,1,1,3),
('Atapuerca',200,null,210000,2,1,3),
('Ampurias',200,null,200000,1,2,3),
('Ampurias',200,null,210000,2,2,3),
('Cueva de altamira',200,null,200000,1,3,3),
('Cueva de altamira',200,null,210000,2,3,3),
('El pao',200,null,200000,1,4,3),
('El pao',200,null,210000,2,4,3),
('Chuquicamata',200,null,200000,1,5,3),
('Chuquicamata',200,null,210000,2,5,3),
('Escondida',200,null,200000,1,6,3),
('Escondida',200,null,210000,2,6,3),
('El teniente',200,null,200000,1,7,3),
('El teniente',200,null,210000,2,7,3),
('Ex diputada',200,null,200000,1,8,3),
('Ex diputada',200,null,210000,2,8,3),
('Colorado',200,null,200000,1,9,3),
('Colorado',200,null,210000,2,9,3),
('Pinton',200,null,200000,1,10,3),
('Pinton',200,null,210000,2,10,3),
('El turpial',200,null,200000,1,11,3),
('El turpial',200,null,210000,2,11,3),
('La cueva',200,null,200000,1,12,3),
('La cueva',200,null,210000,2,12,3),
('Los bronces',200,null,200000,1,13,3),
('Los bronces',200,null,210000,2,13,3),
('Medalla de oro',200,null,200000,1,14,3),
('Medalla de oro',200,null,210000,2,14,2),
('El centro',200,null,200000,1,15,3),
('El centro',200,null,210000,2,15,3),
('Tunel',200,null,200000,1,16,3),
('Tunel',200,null,210000,2,16,3),
('El cielo',200,null,200000,1,17,3),
('El cielo',200,null,210000,2,17,2),
('La pelea',200,null,200000,1,18,3),
('La pelea',200,null,210000,2,18,3),
('La foza',200,null,200000,1,19,3),
('La foza',200,null,210000,2,19,3),
('Granada',200,null,200000,1,20,3),
('Granada',200,null,210000,2,20,3),
('Luzardo',200,null,200000,1,21,3),
('Luzardo',200,null,210000,2,21,3),
('Cachamai',200,null,200000,1,22,3),
('Cachamai',200,null,210000,2,22,3),
('Sayabah',200,null,200000,1,23,3),
('Sayabah',200,null,210000,2,23,3),
('Kisol',200,null,200000,1,24,3),
('Kisol',200,null,210000,2,24,3),
('La canoa',200,null,200000,1,25,3),
('La canoa',200,null,210000,2,25,3),
('Ascensor',200,null,200000,1,26,3),
('Ascensor',200,null,210000,2,26,3),
('Zuluf',200,null,200000,1,27,3),
('Zuluf',200,null,210000,2,27,3),
('Profal',200,null,200000,1,28,3),
('Profal',200,null,210000,2,28,3),
('Dorosa',200,null,200000,1,29,3),
('Dorosa',200,null,210000,2,29,3),
('Dolores',200,null,200000,1,30,3),
('Dolores',200,null,210000,2,30,3),
('Yukera',200,null,200000,1,31,3),
('Yukera',200,null,210000,2,31,3),
('Terama',200,null,200000,1,32,3),
('Terama',200,null,210000,2,32,3),
('Kuala',200,null,200000,1,33,3),
('Kuala',200,null,210000,2,33,3),
('Loro',200,null,200000,1,34,3),
('Loro',200,null,210000,2,34,3),
('Pandes',200,null,200000,1,35,3),
('Pandes',200,null,210000,2,35,3),
('El rosal',200,null,200000,1,36,3),
('El rosal',200,null,210000,2,36,3),
('Gruesa',200,null,200000,1,37,3),
('Gruesa',200,null,210000,2,37,3),
('Waraira',200,null,200000,1,38,3),
('Waraira',200,null,210000,2,38,3),
('Biruta',200,null,200000,1,39,3),
('Biruta',200,null,210000,2,39,3),
('Kizomba',200,null,200000,1,40,3),
('Kizomba',200,null,210000,2,40,3),
('Filomena',200,null,200000,1,41,3),
('Filomena',200,null,210000,2,41,3),
('Herradura',200,null,200000,1,42,3),
('Herradura',200,null,210000,2,42,3),
('Bones',200,null,200000,1,43,3),
('Bones',200,null,210000,2,43,3),
('Zijul',200,null,200000,1,44,3),
('Zijul',200,null,210000,2,44,3),
('Fedorovo',200,null,200000,1,45,3),
('Fedorovo',200,null,210000,2,45,3),
('Fernando',200,null,200000,1,46,3),
('Fernando',200,null,210000,2,46,3),
('Casaca',200,null,200000,1,47,3),
('Casaca',200,null,210000,2,47,3),
('El Hogar',200,null,200000,1,48,3),
('El Hogar',200,null,210000,2,48,3),
('Frijol',200,null,200000,1,49,3),
('Frijol',200,null,210000,2,49,3),
('Km 80',200,null,200000,1,50,3),
('Km 80',200,null,210000,2,50,3),
('Hojal',200,null,200000,1,51,3),
('Hojal',200,null,210000,2,51,3),
('Garrafa',200,null,200000,1,52,3),
('Garrafa',200,null,210000,2,52,3),
('Garrafon',200,null,200000,1,53,3),
('Garrafon',200,null,210000,2,53,3),
('Azulejo',200,null,200000,1,54,3),
('Azulejo',200,null,210000,2,54,3),
('El riachuelo',200,null,200000,1,55,3),
('El riachuelo',200,null,210000,2,55,3),
('Harare',200,null,200000,1,56,3),
('Harare',200,null,210000,2,56,3),
('Wazaka',200,null,200000,1,57,3),
('Wazaka',200,null,210000,2,57,3),
('Roland',200,null,200000,1,58,3),
('Roland',200,null,210000,2,58,3),
('Fiji',200,null,200000,1,59,3),
('Fiji',200,null,210000,2,59,3),
('Suva',200,null,200000,1,60,3),
('Suva',200,null,210000,2,60,3),
('Aristobulo',200,null,200000,1,61,3),
('Aristobulo',200,null,210000,2,61,3),
('Isturiz',200,null,200000,1,62,3),
('Isturiz',200,null,210000,2,62,3),
('El alcon',200,null,200000,1,63,3),
('El alcon',200,null,210000,2,63,3),
('Ojo negro',200,null,200000,1,64,3),
('Ojo negro',200,null,210000,2,64,3),
('Palito',200,null,200000,1,65,3),
('Palito',200,null,210000,2,65,3),
('Km 92',200,null,200000,1,66,3),
('Km 92',200,null,210000,2,66,3),
('Falcao',200,null,200000,1,67,3),
('Falcao',200,null,210000,2,67,3),
('Francos',200,null,200000,1,68,3),
('Francos',200,null,210000,2,68,3),
('Los hermanos',200,null,200000,1,69,3),
('Los hermanos',200,null,210000,2,69,3),
('Arreaga',200,null,200000,1,70,3),
('Arreaga',200,null,210000,2,70,3),
('Yaounde',200,null,200000,1,71,3),
('Yaounde',200,null,210000,2,71,3),
('Filili',200,null,200000,1,72,3),
('Filili',200,null,210000,2,72,3),
('Antoan',200,null,200000,1,73,3),
('Antoan',200,null,210000,2,73,3),
('Newton',200,null,200000,1,74,3),
('Newton',200,null,210000,2,74,3),
('Ukali',200,null,200000,1,75,3),
('Ukali',200,null,210000,2,75,3),
('Buyun',200,null,200000,1,76,3),
('Buyun',200,null,210000,2,76,3),
('Filo',200,null,200000,1,77,3),
('Filo',200,null,210000,2,77,3),
('Atara',200,null,200000,1,78,3),
('Atara',200,null,210000,2,78,3),
('Poper',200,null,200000,1,79,3),
('Poper',200,null,210000,2,79,3),
('Cayaca',200,null,200000,1,80,3),
('Cayaca',200,null,210000,2,80,3),
('Callao',200,null,200000,1,81,3),
('Callao',200,null,210000,2,81,3),
('Simona',200,null,200000,1,82,3),
('Simona',200,null,210000,2,82,3),
('Stantum',200,null,200000,1,83,3),
('Stantum',200,null,210000,2,83,3),
('Asno',200,null,200000,1,84,3),
('Asno',200,null,210000,2,84,3),
('El dilema',200,null,200000,1,85,3),
('El dilema',200,null,210000,2,85,3),
('Pocoro',200,null,200000,1,86,3),
('Pocoro',200,null,210000,2,86,3),
('Palele',200,null,200000,1,87,3),
('Palele',200,null,210000,2,87,3),
('Ferrero',200,null,200000,1,88,3),
('Ferrero',200,null,210000,2,88,3),
('Rapidin',200,null,200000,1,89,3),
('Rapidin',200,null,210000,2,89,3),
('Fishere',200,null,200000,1,90,3),
('Fishere',200,null,210000,2,90,3),
('Toyata',200,null,200000,1,91,3),
('Toyata',200,null,210000,2,91,3),
('San Antonio',200,null,200000,1,92,3),
('San Antonio',200,null,210000,2,92,3),
('La vela',200,null,200000,1,93,3),
('La vela',200,null,210000,2,93,3),
('Km 33',200,null,200000,1,94,3),
('Km 33',200,null,210000,2,94,3),
('Diaspor',200,null,200000,1,95,3),
('Diaspor',200,null,210000,2,95,3);

/*Cargo*/

insert into cargo(tipo_cargo,salario_empleado)
values ('Geologo',1000),
('Ayudante de campaña',1000),
('Chofer',1000),
('Analista de laboratorio',1000),
('Buscador de informes geologicos',1000),
('Recopilador de planos topográficos y geológicos.',1000),
('Ubicador de fotografías aéreas',1000),
('Muestrero',1000),
('Portamiras',1000),
('Cocinero',1000),
('Tecnico supervisor',1000),
('Perforista',1000),
('Ayudante',1000),
('Jefe de proyecto',1000),
('Coordinador general',1000),
('Supervisor de campo',1000),
('Consultor',1000);

insert into fase(numero_fase,nombre_fase,duracion_fase,costo_fase,
				fecha_inicio_fase,fk_etapa_explotacion,
				fk_tipo_status)
values 
(1,'Recopilacion y analisis de informacion',100,100000,'04-05-2018',192,3),
(2,'Reconocimiento de campo,verificacion de informacion y preparacion de informe',100,100000,'05-10-18',192,3),
(1,'Restitucion topografica',20,30000,'01-05-2019'193,3),
(2,'Fotointerpretacion',20,30000,'01-25-2019',193,3),
(3,'Cartografia geologica',20,30000,'02-15-2019',193,3),
(4,'Ejecucion de trincheras,tuneles y apiques',10,30000,'03-05-2019',193,3),
(5,'Perforaciones exploratorias',10,30000,'03-25-2019',193,3),
(6,'Analisis',10,30000,'04-15-2019',193,3),
(7,'Preparacion de informe',10,30000,'05-05-2019',193,3),

(1,'Recopilacion y analisis de informacion',100,100000,'04-05-2018',194,3),
(2,'Reconocimiento de campo,verificacion de informacion y preparacion de informe',100,100000,'05-10-18',194,3),
(1,'Restitucion topografica',20,30000,'01-05-2019',195,3),
(2,'Fotointerpretacion',20,30000,'01-25-2019',195,3),
(3,'Cartografia geologica',20,30000,'02-15-2019',195,3),
(4,'Ejecucion de trincheras,tuneles y apiques',10,30000,'03-05-2019',195,3),
(5,'Perforaciones exploratorias',10,30000,'03-25-2019',195,3),
(6,'Analisis',10,30000,'04-15-2019',195,3),
(7,'Preparacion de informe',10,30000,'05-05-2019',195,3),

(1,'Recopilacion y analisis de informacion',100,100000,'04-05-2018',196,3),
(2,'Reconocimiento de campo,verificacion de informacion y preparacion de informe',100,100000,'05-10-18',196,3),
(1,'Restitucion topografica',20,30000,'01-05-2019',197,3),
(2,'Fotointerpretacion',20,30000,'01-25-2019',197,3),
(3,'Cartografia geologica',20,30000,'02-15-2019',197,3),
(4,'Ejecucion de trincheras,tuneles y apiques',10,30000,'03-05-2019',197,3),
(5,'Perforaciones exploratorias',10,30000,'03-25-2019',197,3),
(6,'Analisis',10,30000,'04-15-2019',197,3),
(7,'Preparacion de informe',10,30000,'05-05-2019',197,3),

(1,'Recopilacion y analisis de informacion',100,100000,'04-05-2018',198,3),
(2,'Reconocimiento de campo,verificacion de informacion y preparacion de informe',100,100000,'05-10-18',198,3),
(1,'Restitucion topografica',20,30000,'01-05-2019',199,3),
(2,'Fotointerpretacion',20,30000,'01-25-2019',199,3),
(3,'Cartografia geologica',20,30000,'02-15-2019',199,3),
(4,'Ejecucion de trincheras,tuneles y apiques',10,30000,'03-05-2019',199,3),
(5,'Perforaciones exploratorias',10,30000,'03-25-2019',199,3),
(6,'Analisis',10,30000,'04-15-2019',199,3),
(7,'Preparacion de informe',10,30000,'05-05-2019',199,3),

(1,'Recopilacion y analisis de informacion',100,100000,'04-05-2018',200,3),
(2,'Reconocimiento de campo,verificacion de informacion y preparacion de informe',100,100000,'05-10-18',200,3),
(1,'Restitucion topografica',20,30000,'01-05-2019',201,3),
(2,'Fotointerpretacion',20,30000,'01-25-2019',201,3),
(3,'Cartografia geologica',20,30000,'02-15-2019',201,3),
(4,'Ejecucion de trincheras,tuneles y apiques',10,30000,'03-05-2019',201,3),
(5,'Perforaciones exploratorias',10,30000,'03-25-2019',201,3),
(6,'Analisis',10,30000,'04-15-2019',201,3),
(7,'Preparacion de informe',10,30000,'05-05-2019',201,3),

(1,'Recopilacion y analisis de informacion',100,100000,'04-05-2018',202,3),
(2,'Reconocimiento de campo,verificacion de informacion y preparacion de informe',100,100000,'05-10-18',202,3),
(1,'Restitucion topografica',20,30000,'01-05-2019',203,3),
(2,'Fotointerpretacion',20,30000,'01-25-2019',203,3),
(3,'Cartografia geologica',20,30000,'02-15-2019',203,3),
(4,'Ejecucion de trincheras,tuneles y apiques',10,30000,'03-05-2019',203,3),
(5,'Perforaciones exploratorias',10,30000,'03-25-2019',203,3),
(6,'Analisis',10,30000,'04-15-2019',203,3),
(7,'Preparacion de informe',10,30000,'05-05-2019',203,3),

(1,'Recopilacion y analisis de informacion',100,100000,'04-05-2018',204,3),
(2,'Reconocimiento de campo,verificacion de informacion y preparacion de informe',100,100000,'05-10-18',204,3),
(1,'Restitucion topografica',20,30000,'01-05-2019',205,3),
(2,'Fotointerpretacion',20,30000,'01-25-2019',205,3),
(3,'Cartografia geologica',20,30000,'02-15-2019',205,3),
(4,'Ejecucion de trincheras,tuneles y apiques',10,30000,'03-05-2019',205,3),
(5,'Perforaciones exploratorias',10,30000,'03-25-2019',205,3),
(6,'Analisis',10,30000,'04-15-2019',205,3),
(7,'Preparacion de informe',10,30000,'05-05-2019',205,3),

(1,'Recopilacion y analisis de informacion',100,100000,'04-05-2018',206,3),
(2,'Reconocimiento de campo,verificacion de informacion y preparacion de informe',100,100000,'05-10-18',206,3),
(1,'Restitucion topografica',20,30000,'01-05-2019',207,3),
(2,'Fotointerpretacion',20,30000,'01-25-2019',207,3),
(3,'Cartografia geologica',20,30000,'02-15-2019',207,3),
(4,'Ejecucion de trincheras,tuneles y apiques',10,30000,'03-05-2019',207,3),
(5,'Perforaciones exploratorias',10,30000,'03-25-2019',207,3),
(6,'Analisis',10,30000,'04-15-2019',207,3),
(7,'Preparacion de informe',10,30000,'05-05-2019',207,3),

(1,'Recopilacion y analisis de informacion',100,100000,'04-05-2018',207,3),
(2,'Reconocimiento de campo,verificacion de informacion y preparacion de informe',100,100000,'05-10-18',207,3),
(1,'Restitucion topografica',20,30000,'01-05-2019',208,3),
(2,'Fotointerpretacion',20,30000,'01-25-2019',208,3),
(3,'Cartografia geologica',20,30000,'02-15-2019',208,3),
(4,'Ejecucion de trincheras,tuneles y apiques',10,30000,'03-05-2019',208,3),
(5,'Perforaciones exploratorias',10,30000,'03-25-2019',208,3),
(6,'Analisis',10,30000,'04-15-2019',208,3),
(7,'Preparacion de informe',10,30000,'05-05-2019',208,3),

(1,'Recopilacion y analisis de informacion',100,100000,'04-05-2018',209,3),
(2,'Reconocimiento de campo,verificacion de informacion y preparacion de informe',100,100000,'05-10-18',209,3),
(1,'Restitucion topografica',20,30000,'01-05-2019',210,3),
(2,'Fotointerpretacion',20,30000,'01-25-2019',210,3),
(3,'Cartografia geologica',20,30000,'02-15-2019',210,3),
(4,'Ejecucion de trincheras,tuneles y apiques',10,30000,'03-05-2019',210,3),
(5,'Perforaciones exploratorias',10,30000,'03-25-2019',210,3),
(6,'Analisis',10,30000,'04-15-2019',210,3),
(7,'Preparacion de informe',10,30000,'05-05-2019',210,3),

(1,'Recopilacion y analisis de informacion',100,100000,'04-05-2018',211,3),
(2,'Reconocimiento de campo,verificacion de informacion y preparacion de informe',100,100000,'05-10-18',211,3),
(1,'Restitucion topografica',20,30000,'01-05-2019',212,3),
(2,'Fotointerpretacion',20,30000,'01-25-2019',212,3),
(3,'Cartografia geologica',20,30000,'02-15-2019',212,3),
(4,'Ejecucion de trincheras,tuneles y apiques',10,30000,'03-05-2019',212,3),
(5,'Perforaciones exploratorias',10,30000,'03-25-2019',212,3),
(6,'Analisis',10,30000,'04-15-2019',212,3),
(7,'Preparacion de informe',10,30000,'05-05-2019',212,3),

(1,'Recopilacion y analisis de informacion',100,100000,'04-05-2018',213,3),
(2,'Reconocimiento de campo,verificacion de informacion y preparacion de informe',100,100000,'05-10-18',213,3),
(1,'Restitucion topografica',20,30000,'01-05-2019',214,3),
(2,'Fotointerpretacion',20,30000,'01-25-2019',214,3),
(3,'Cartografia geologica',20,30000,'02-15-2019',214,3),
(4,'Ejecucion de trincheras,tuneles y apiques',10,30000,'03-05-2019',214,3),
(5,'Perforaciones exploratorias',10,30000,'03-25-2019',214,3),
(6,'Analisis',10,30000,'04-15-2019',214,3),
(7,'Preparacion de informe',10,30000,'05-05-2019',214,3),

(1,'Recopilacion y analisis de informacion',100,100000,'04-05-2018',215,3),
(2,'Reconocimiento de campo,verificacion de informacion y preparacion de informe',100,100000,'05-10-18',215,3),
(1,'Restitucion topografica',20,30000,'01-05-2019',216,3),
(2,'Fotointerpretacion',20,30000,'01-25-2019',216,3),
(3,'Cartografia geologica',20,30000,'02-15-2019',216,3),
(4,'Ejecucion de trincheras,tuneles y apiques',10,30000,'03-05-2019',216,3),
(5,'Perforaciones exploratorias',10,30000,'03-25-2019',216,3),
(6,'Analisis',10,30000,'04-15-2019',216,3),
(7,'Preparacion de informe',10,30000,'05-05-2019',216,3),

(1,'Recopilacion y analisis de informacion',100,100000,'04-05-2018',217,3),
(2,'Reconocimiento de campo,verificacion de informacion y preparacion de informe',100,100000,'05-10-18',217,3),
(1,'Restitucion topografica',20,30000,'01-05-2019',218,3),
(2,'Fotointerpretacion',20,30000,'01-25-2019',218,3),
(3,'Cartografia geologica',20,30000,'02-15-2019',218,3),
(4,'Ejecucion de trincheras,tuneles y apiques',10,30000,'03-05-2019',218,3),
(5,'Perforaciones exploratorias',10,30000,'03-25-2019',218,3),
(6,'Analisis',10,30000,'04-15-2019',218,3),
(7,'Preparacion de informe',10,30000,'05-05-2019',218,3),

(1,'Recopilacion y analisis de informacion',100,100000,'04-05-2018',219,3),
(2,'Reconocimiento de campo,verificacion de informacion y preparacion de informe',100,100000,'05-10-18',219,3),
(1,'Restitucion topografica',20,30000,'01-05-2019',220,3),
(2,'Fotointerpretacion',20,30000,'01-25-2019',220,3),
(3,'Cartografia geologica',20,30000,'02-15-2019',220,3),
(4,'Ejecucion de trincheras,tuneles y apiques',10,30000,'03-05-2019',220,3),
(5,'Perforaciones exploratorias',10,30000,'03-25-2019',220,3),
(6,'Analisis',10,30000,'04-15-2019',220,3),
(7,'Preparacion de informe',10,30000,'05-05-2019',220,3),

(1,'Recopilacion y analisis de informacion',100,100000,'04-05-2018',221,3),
(2,'Reconocimiento de campo,verificacion de informacion y preparacion de informe',100,100000,'05-10-18',221,3),
(1,'Restitucion topografica',20,30000,'01-05-2019',222,3),
(2,'Fotointerpretacion',20,30000,'01-25-2019',222,3),
(3,'Cartografia geologica',20,30000,'02-15-2019',222,3),
(4,'Ejecucion de trincheras,tuneles y apiques',10,30000,'03-05-2019',222,3),
(5,'Perforaciones exploratorias',10,30000,'03-25-2019',222,3),
(6,'Analisis',10,30000,'04-15-2019',222,3),
(7,'Preparacion de informe',10,30000,'05-05-2019',222,3),

(1,'Recopilacion y analisis de informacion',100,100000,'04-05-2018',223,3),
(2,'Reconocimiento de campo,verificacion de informacion y preparacion de informe',100,100000,'05-10-18',223,3),
(1,'Restitucion topografica',20,30000,'01-05-2019',224,3),
(2,'Fotointerpretacion',20,30000,'01-25-2019',224,3),
(3,'Cartografia geologica',20,30000,'02-15-2019',224,3),
(4,'Ejecucion de trincheras,tuneles y apiques',10,30000,'03-05-2019',224,3),
(5,'Perforaciones exploratorias',10,30000,'03-25-2019',224,3),
(6,'Analisis',10,30000,'04-15-2019',224,3),
(7,'Preparacion de informe',10,30000,'05-05-2019',224,3),

(1,'Recopilacion y analisis de informacion',100,100000,'04-05-2018',225,3),
(2,'Reconocimiento de campo,verificacion de informacion y preparacion de informe',100,100000,'05-10-18',225,3),
(1,'Restitucion topografica',20,30000,'01-05-2019',226,3),
(2,'Fotointerpretacion',20,30000,'01-25-2019',226,3),
(3,'Cartografia geologica',20,30000,'02-15-2019',226,3),
(4,'Ejecucion de trincheras,tuneles y apiques',10,30000,'03-05-2019',226,3),
(5,'Perforaciones exploratorias',10,30000,'03-25-2019',226,3),
(6,'Analisis',10,30000,'04-15-2019',226,3),
(7,'Preparacion de informe',10,30000,'05-05-2019',226,3),

(1,'Recopilacion y analisis de informacion',100,100000,'04-05-2018',227,3),
(2,'Reconocimiento de campo,verificacion de informacion y preparacion de informe',100,100000,'05-10-18',227,3),
(1,'Restitucion topografica',20,30000,'01-05-2019',228,3),
(2,'Fotointerpretacion',20,30000,'01-25-2019',228,3),
(3,'Cartografia geologica',20,30000,'02-15-2019',228,3),
(4,'Ejecucion de trincheras,tuneles y apiques',10,30000,'03-05-2019',228,3),
(5,'Perforaciones exploratorias',10,30000,'03-25-2019',228,3),
(6,'Analisis',10,30000,'04-15-2019',228,3),
(7,'Preparacion de informe',10,30000,'05-05-2019',228,3),

(1,'Recopilacion y analisis de informacion',100,100000,'04-05-2018',229,3),
(2,'Reconocimiento de campo,verificacion de informacion y preparacion de informe',100,100000,'05-10-18',229,3),
(1,'Restitucion topografica',20,30000,'01-05-2019',230,3),
(2,'Fotointerpretacion',20,30000,'01-25-2019',230,3),
(3,'Cartografia geologica',20,30000,'02-15-2019',230,3),
(4,'Ejecucion de trincheras,tuneles y apiques',10,30000,'03-05-2019',230,3),
(5,'Perforaciones exploratorias',10,30000,'03-25-2019',230,3),
(6,'Analisis',10,30000,'04-15-2019',230,3),
(7,'Preparacion de informe',10,30000,'05-05-2019',230,3),

(1,'Recopilacion y analisis de informacion',100,100000,'04-05-2018',231,3),
(2,'Reconocimiento de campo,verificacion de informacion y preparacion de informe',100,100000,'05-10-18',231,3),
(1,'Restitucion topografica',20,30000,'01-05-2019',232,3),
(2,'Fotointerpretacion',20,30000,'01-25-2019',232,3),
(3,'Cartografia geologica',20,30000,'02-15-2019',232,3),
(4,'Ejecucion de trincheras,tuneles y apiques',10,30000,'03-05-2019',232,3),
(5,'Perforaciones exploratorias',10,30000,'03-25-2019',232,3),
(6,'Analisis',10,30000,'04-15-2019',232,3),
(7,'Preparacion de informe',10,30000,'05-05-2019',232,3),

(1,'Recopilacion y analisis de informacion',100,100000,'04-05-2018',233,3),
(2,'Reconocimiento de campo,verificacion de informacion y preparacion de informe',100,100000,'05-10-18',233,3),
(1,'Restitucion topografica',20,30000,'01-05-2019',234,3),
(2,'Fotointerpretacion',20,30000,'01-25-2019',234,3),
(3,'Cartografia geologica',20,30000,'02-15-2019',234,3),
(4,'Ejecucion de trincheras,tuneles y apiques',10,30000,'03-05-2019',234,3),
(5,'Perforaciones exploratorias',10,30000,'03-25-2019',234,3),
(6,'Analisis',10,30000,'04-15-2019',234,3),
(7,'Preparacion de informe',10,30000,'05-05-2019',234,3),

(1,'Recopilacion y analisis de informacion',100,100000,'04-05-2018',235,3),
(2,'Reconocimiento de campo,verificacion de informacion y preparacion de informe',100,100000,'05-10-18',235,3),
(1,'Restitucion topografica',20,30000,'01-05-2019',236,3),
(2,'Fotointerpretacion',20,30000,'01-25-2019',236,3),
(3,'Cartografia geologica',20,30000,'02-15-2019',236,3),
(4,'Ejecucion de trincheras,tuneles y apiques',10,30000,'03-05-2019',236,3),
(5,'Perforaciones exploratorias',10,30000,'03-25-2019',236,3),
(6,'Analisis',10,30000,'04-15-2019',236,3),
(7,'Preparacion de informe',10,30000,'05-05-2019',236,3),

(1,'Recopilacion y analisis de informacion',100,100000,'04-05-2018',238,3),
(2,'Reconocimiento de campo,verificacion de informacion y preparacion de informe',100,100000,'05-10-18',238,3),
(1,'Restitucion topografica',20,30000,'01-05-2019',239,3),
(2,'Fotointerpretacion',20,30000,'01-25-2019',239,3),
(3,'Cartografia geologica',20,30000,'02-15-2019',239,3),
(4,'Ejecucion de trincheras,tuneles y apiques',10,30000,'03-05-2019',239,3),
(5,'Perforaciones exploratorias',10,30000,'03-25-2019',239,3),
(6,'Analisis',10,30000,'04-15-2019',239,3),
(7,'Preparacion de informe',10,30000,'05-05-2019',239,3),

(1,'Recopilacion y analisis de informacion',100,100000,'04-05-2018',240,3),
(2,'Reconocimiento de campo,verificacion de informacion y preparacion de informe',100,100000,'05-10-18',240,3),
(1,'Restitucion topografica',20,30000,'01-05-2019',241,3),
(2,'Fotointerpretacion',20,30000,'01-25-2019',241,3),
(3,'Cartografia geologica',20,30000,'02-15-2019',241,3),
(4,'Ejecucion de trincheras,tuneles y apiques',10,30000,'03-05-2019',241,3),
(5,'Perforaciones exploratorias',10,30000,'03-25-2019',241,3),
(6,'Analisis',10,30000,'04-15-2019',241,3),
(7,'Preparacion de informe',10,30000,'05-05-2019',241,3),

(1,'Recopilacion y analisis de informacion',100,100000,'04-05-2018',242,3),
(2,'Reconocimiento de campo,verificacion de informacion y preparacion de informe',100,100000,'05-10-18',242,3),
(1,'Restitucion topografica',20,30000,'01-05-2019',243,3),
(2,'Fotointerpretacion',20,30000,'01-25-2019',243,3),
(3,'Cartografia geologica',20,30000,'02-15-2019',243,3),
(4,'Ejecucion de trincheras,tuneles y apiques',10,30000,'03-05-2019',243,3),
(5,'Perforaciones exploratorias',10,30000,'03-25-2019',243,3),
(6,'Analisis',10,30000,'04-15-2019',243,3),
(7,'Preparacion de informe',10,30000,'05-05-2019',243,3),

(1,'Recopilacion y analisis de informacion',100,100000,'04-05-2018',244,3),
(2,'Reconocimiento de campo,verificacion de informacion y preparacion de informe',100,100000,'05-10-18',244,3),
(1,'Restitucion topografica',20,30000,'01-05-2019',245,3),
(2,'Fotointerpretacion',20,30000,'01-25-2019',245,3),
(3,'Cartografia geologica',20,30000,'02-15-2019',245,3),
(4,'Ejecucion de trincheras,tuneles y apiques',10,30000,'03-05-2019',245,3),
(5,'Perforaciones exploratorias',10,30000,'03-25-2019',245,3),
(6,'Analisis',10,30000,'04-15-2019',245,3),
(7,'Preparacion de informe',10,30000,'05-05-2019',245,3),

(1,'Recopilacion y analisis de informacion',100,100000,'04-05-2018',246,3),
(2,'Reconocimiento de campo,verificacion de informacion y preparacion de informe',100,100000,'05-10-18',246,3),
(1,'Restitucion topografica',20,30000,'01-05-2019',247,3),
(2,'Fotointerpretacion',20,30000,'01-25-2019',247,3),
(3,'Cartografia geologica',20,30000,'02-15-2019',247,3),
(4,'Ejecucion de trincheras,tuneles y apiques',10,30000,'03-05-2019',247,3),
(5,'Perforaciones exploratorias',10,30000,'03-25-2019',247,3),
(6,'Analisis',10,30000,'04-15-2019',247,3),
(7,'Preparacion de informe',10,30000,'05-05-2019',247,3),

(1,'Recopilacion y analisis de informacion',100,100000,'04-05-2018',248,3),
(2,'Reconocimiento de campo,verificacion de informacion y preparacion de informe',100,100000,'05-10-18',248,3),
(1,'Restitucion topografica',20,30000,'01-05-2019',249,3),
(2,'Fotointerpretacion',20,30000,'01-25-2019',249,3),
(3,'Cartografia geologica',20,30000,'02-15-2019',249,3),
(4,'Ejecucion de trincheras,tuneles y apiques',10,30000,'03-05-2019',249,3),
(5,'Perforaciones exploratorias',10,30000,'03-25-2019',249,3),
(6,'Analisis',10,30000,'04-15-2019',249,3),
(7,'Preparacion de informe',10,30000,'05-05-2019',249,3),

(1,'Recopilacion y analisis de informacion',100,100000,'04-05-2018',250,3),
(2,'Reconocimiento de campo,verificacion de informacion y preparacion de informe',100,100000,'05-10-18',250,3),
(1,'Restitucion topografica',20,30000,'01-05-2019',251,3),
(2,'Fotointerpretacion',20,30000,'01-25-2019',251,3),
(3,'Cartografia geologica',20,30000,'02-15-2019',251,3),
(4,'Ejecucion de trincheras,tuneles y apiques',10,30000,'03-05-2019',251,3),
(5,'Perforaciones exploratorias',10,30000,'03-25-2019',251,3),
(6,'Analisis',10,30000,'04-15-2019',251,3),
(7,'Preparacion de informe',10,30000,'05-05-2019',251,3),

(1,'Recopilacion y analisis de informacion',100,100000,'04-05-2018',252,3),
(2,'Reconocimiento de campo,verificacion de informacion y preparacion de informe',100,100000,'05-10-18',252,3),
(1,'Restitucion topografica',20,30000,'01-05-2019',253,3),
(2,'Fotointerpretacion',20,30000,'01-25-2019',253,3),
(3,'Cartografia geologica',20,30000,'02-15-2019',253,3),
(4,'Ejecucion de trincheras,tuneles y apiques',10,30000,'03-05-2019',253,3),
(5,'Perforaciones exploratorias',10,30000,'03-25-2019',253,3),
(6,'Analisis',10,30000,'04-15-2019',253,3),
(7,'Preparacion de informe',10,30000,'05-05-2019',253,3),

(1,'Recopilacion y analisis de informacion',100,100000,'04-05-2018',254,3),
(2,'Reconocimiento de campo,verificacion de informacion y preparacion de informe',100,100000,'05-10-18',254,3),
(1,'Restitucion topografica',20,30000,'01-05-2019',255,3),
(2,'Fotointerpretacion',20,30000,'01-25-2019',255,3),
(3,'Cartografia geologica',20,30000,'02-15-2019',255,3),
(4,'Ejecucion de trincheras,tuneles y apiques',10,30000,'03-05-2019',255,3),
(5,'Perforaciones exploratorias',10,30000,'03-25-2019',255,3),
(6,'Analisis',10,30000,'04-15-2019',255,3),
(7,'Preparacion de informe',10,30000,'05-05-2019',255,3),

(1,'Recopilacion y analisis de informacion',100,100000,'04-05-2018',256,3),
(2,'Reconocimiento de campo,verificacion de informacion y preparacion de informe',100,100000,'05-10-18',256,3),
(1,'Restitucion topografica',20,30000,'01-05-2019',257,3),
(2,'Fotointerpretacion',20,30000,'01-25-2019',257,3),
(3,'Cartografia geologica',20,30000,'02-15-2019',257,3),
(4,'Ejecucion de trincheras,tuneles y apiques',10,30000,'03-05-2019',257,3),
(5,'Perforaciones exploratorias',10,30000,'03-25-2019',257,3),
(6,'Analisis',10,30000,'04-15-2019',257,3),
(7,'Preparacion de informe',10,30000,'05-05-2019',257,3),

(1,'Recopilacion y analisis de informacion',100,100000,'04-05-2018',258,3),
(2,'Reconocimiento de campo,verificacion de informacion y preparacion de informe',100,100000,'05-10-18',258,3),
(1,'Restitucion topografica',20,30000,'01-05-2019',259,3),
(2,'Fotointerpretacion',20,30000,'01-25-2019',259,3),
(3,'Cartografia geologica',20,30000,'02-15-2019',259,3),
(4,'Ejecucion de trincheras,tuneles y apiques',10,30000,'03-05-2019',259,3),
(5,'Perforaciones exploratorias',10,30000,'03-25-2019',259,3),
(6,'Analisis',10,30000,'04-15-2019',259,3),
(7,'Preparacion de informe',10,30000,'05-05-2019',259,3),

(1,'Recopilacion y analisis de informacion',100,100000,'04-05-2018',260,3),
(2,'Reconocimiento de campo,verificacion de informacion y preparacion de informe',100,100000,'05-10-18',260,3),
(1,'Restitucion topografica',20,30000,'01-05-2019',261,3),
(2,'Fotointerpretacion',20,30000,'01-25-2019',261,3),
(3,'Cartografia geologica',20,30000,'02-15-2019',261,3),
(4,'Ejecucion de trincheras,tuneles y apiques',10,30000,'03-05-2019',261,3),
(5,'Perforaciones exploratorias',10,30000,'03-25-2019',261,3),
(6,'Analisis',10,30000,'04-15-2019',261,3),
(7,'Preparacion de informe',10,30000,'05-05-2019',261,3),

(1,'Recopilacion y analisis de informacion',100,100000,'04-05-2018',262,3),
(2,'Reconocimiento de campo,verificacion de informacion y preparacion de informe',100,100000,'05-10-18',262,3),
(1,'Restitucion topografica',20,30000,'01-05-2019',263,3),
(2,'Fotointerpretacion',20,30000,'01-25-2019',263,3),
(3,'Cartografia geologica',20,30000,'02-15-2019',263,3),
(4,'Ejecucion de trincheras,tuneles y apiques',10,30000,'03-05-2019',263,3),
(5,'Perforaciones exploratorias',10,30000,'03-25-2019',263,3),
(6,'Analisis',10,30000,'04-15-2019',263,3),
(7,'Preparacion de informe',10,30000,'05-05-2019',263,3),

(1,'Recopilacion y analisis de informacion',100,100000,'04-05-2018',264,3),
(2,'Reconocimiento de campo,verificacion de informacion y preparacion de informe',100,100000,'05-10-18',264,3),
(1,'Restitucion topografica',20,30000,'01-05-2019',265,3),
(2,'Fotointerpretacion',20,30000,'01-25-2019',265,3),
(3,'Cartografia geologica',20,30000,'02-15-2019',265,3),
(4,'Ejecucion de trincheras,tuneles y apiques',10,30000,'03-05-2019',265,3),
(5,'Perforaciones exploratorias',10,30000,'03-25-2019',265,3),
(6,'Analisis',10,30000,'04-15-2019',265,3),
(7,'Preparacion de informe',10,30000,'05-05-2019',265,3),

(1,'Recopilacion y analisis de informacion',100,100000,'04-05-2018',266,3),
(2,'Reconocimiento de campo,verificacion de informacion y preparacion de informe',100,100000,'05-10-18',266,3),
(1,'Restitucion topografica',20,30000,'01-05-2019',267,3),
(2,'Fotointerpretacion',20,30000,'01-25-2019',267,3),
(3,'Cartografia geologica',20,30000,'02-15-2019',267,3),
(4,'Ejecucion de trincheras,tuneles y apiques',10,30000,'03-05-2019',267,3),
(5,'Perforaciones exploratorias',10,30000,'03-25-2019',267,3),
(6,'Analisis',10,30000,'04-15-2019',267,3),
(7,'Preparacion de informe',10,30000,'05-05-2019',267,3),

(1,'Recopilacion y analisis de informacion',100,100000,'04-05-2018',268,3),
(2,'Reconocimiento de campo,verificacion de informacion y preparacion de informe',100,100000,'05-10-18',268,3),
(1,'Restitucion topografica',20,30000,'01-05-2019',269,3),
(2,'Fotointerpretacion',20,30000,'01-25-2019',269,3),
(3,'Cartografia geologica',20,30000,'02-15-2019',269,3),
(4,'Ejecucion de trincheras,tuneles y apiques',10,30000,'03-05-2019',269,3),
(5,'Perforaciones exploratorias',10,30000,'03-25-2019',269,3),
(6,'Analisis',10,30000,'04-15-2019',269,3),
(7,'Preparacion de informe',10,30000,'05-05-2019',269,3),

(1,'Recopilacion y analisis de informacion',100,100000,'04-05-2018',270,3),
(2,'Reconocimiento de campo,verificacion de informacion y preparacion de informe',100,100000,'05-10-18',270,3),
(1,'Restitucion topografica',20,30000,'01-05-2019',271,3),
(2,'Fotointerpretacion',20,30000,'01-25-2019',271,3),
(3,'Cartografia geologica',20,30000,'02-15-2019',271,3),
(4,'Ejecucion de trincheras,tuneles y apiques',10,30000,'03-05-2019',271,3),
(5,'Perforaciones exploratorias',10,30000,'03-25-2019',271,3),
(6,'Analisis',10,30000,'04-15-2019',271,3),
(7,'Preparacion de informe',10,30000,'05-05-2019',271,3),

(1,'Recopilacion y analisis de informacion',100,100000,'04-05-2018',272,3),
(2,'Reconocimiento de campo,verificacion de informacion y preparacion de informe',100,100000,'05-10-18',272,3),
(1,'Restitucion topografica',20,30000,'01-05-2019',273,3),
(2,'Fotointerpretacion',20,30000,'01-25-2019',273,3),
(3,'Cartografia geologica',20,30000,'02-15-2019',273,3),
(4,'Ejecucion de trincheras,tuneles y apiques',10,30000,'03-05-2019',273,3),
(5,'Perforaciones exploratorias',10,30000,'03-25-2019',273,3),
(6,'Analisis',10,30000,'04-15-2019',273,3),
(7,'Preparacion de informe',10,30000,'05-05-2019',273,3),

(1,'Recopilacion y analisis de informacion',100,100000,'04-05-2018',274,3),
(2,'Reconocimiento de campo,verificacion de informacion y preparacion de informe',100,100000,'05-10-18',274,3),
(1,'Restitucion topografica',20,30000,'01-05-2019',275,3),
(2,'Fotointerpretacion',20,30000,'01-25-2019',275,3),
(3,'Cartografia geologica',20,30000,'02-15-2019',275,3),
(4,'Ejecucion de trincheras,tuneles y apiques',10,30000,'03-05-2019',275,3),
(5,'Perforaciones exploratorias',10,30000,'03-25-2019',275,3),
(6,'Analisis',10,30000,'04-15-2019',275,3),
(7,'Preparacion de informe',10,30000,'05-05-2019',275,3),

(1,'Recopilacion y analisis de informacion',100,100000,'04-05-2018',276,3),
(2,'Reconocimiento de campo,verificacion de informacion y preparacion de informe',100,100000,'05-10-18',276,3),
(1,'Restitucion topografica',20,30000,'01-05-2019',277,3),
(2,'Fotointerpretacion',20,30000,'01-25-2019',277,3),
(3,'Cartografia geologica',20,30000,'02-15-2019',277,3),
(4,'Ejecucion de trincheras,tuneles y apiques',10,30000,'03-05-2019',277,3),
(5,'Perforaciones exploratorias',10,30000,'03-25-2019',277,3),
(6,'Analisis',10,30000,'04-15-2019',277,3),
(7,'Preparacion de informe',10,30000,'05-05-2019',277,3),

(1,'Recopilacion y analisis de informacion',100,100000,'04-05-2018',278,3),
(2,'Reconocimiento de campo,verificacion de informacion y preparacion de informe',100,100000,'05-10-18',278,3),
(1,'Restitucion topografica',20,30000,'01-05-2019',279,3),
(2,'Fotointerpretacion',20,30000,'01-25-2019',279,3),
(3,'Cartografia geologica',20,30000,'02-15-2019',279,3),
(4,'Ejecucion de trincheras,tuneles y apiques',10,30000,'03-05-2019',279,3),
(5,'Perforaciones exploratorias',10,30000,'03-25-2019',279,3),
(6,'Analisis',10,30000,'04-15-2019',279,3),
(7,'Preparacion de informe',10,30000,'05-05-2019',279,3),

(1,'Recopilacion y analisis de informacion',100,100000,'04-05-2018',280,3),
(2,'Reconocimiento de campo,verificacion de informacion y preparacion de informe',100,100000,'05-10-18',280,3),
(1,'Restitucion topografica',20,30000,'01-05-2019',281,3),
(2,'Fotointerpretacion',20,30000,'01-25-2019',281,3),
(3,'Cartografia geologica',20,30000,'02-15-2019',281,3),
(4,'Ejecucion de trincheras,tuneles y apiques',10,30000,'03-05-2019',281,3),
(5,'Perforaciones exploratorias',10,30000,'03-25-2019',281,3),
(6,'Analisis',10,30000,'04-15-2019',281,3),
(7,'Preparacion de informe',10,30000,'05-05-2019',281,3),

(1,'Recopilacion y analisis de informacion',100,100000,'04-05-2018',282,3),
(2,'Reconocimiento de campo,verificacion de informacion y preparacion de informe',100,100000,'05-10-18',282,3),
(1,'Restitucion topografica',20,30000,'01-05-2019',283,3),
(2,'Fotointerpretacion',20,30000,'01-25-2019',283,3),
(3,'Cartografia geologica',20,30000,'02-15-2019',283,3),
(4,'Ejecucion de trincheras,tuneles y apiques',10,30000,'03-05-2019',283,3),
(5,'Perforaciones exploratorias',10,30000,'03-25-2019',283,3),
(6,'Analisis',10,30000,'04-15-2019',283,3),
(7,'Preparacion de informe',10,30000,'05-05-2019',283,3),

(1,'Recopilacion y analisis de informacion',100,100000,'04-05-2018',284,3),
(2,'Reconocimiento de campo,verificacion de informacion y preparacion de informe',100,100000,'05-10-18',284,3),
(1,'Restitucion topografica',20,30000,'01-05-2019',285,3),
(2,'Fotointerpretacion',20,30000,'01-25-2019',285,3),
(3,'Cartografia geologica',20,30000,'02-15-2019',285,3),
(4,'Ejecucion de trincheras,tuneles y apiques',10,30000,'03-05-2019',285,3),
(5,'Perforaciones exploratorias',10,30000,'03-25-2019',285,3),
(6,'Analisis',10,30000,'04-15-2019',285,3),
(7,'Preparacion de informe',10,30000,'05-05-2019',285,3),

(1,'Recopilacion y analisis de informacion',100,100000,'04-05-2018',286,3),
(2,'Reconocimiento de campo,verificacion de informacion y preparacion de informe',100,100000,'05-10-18',286,3),
(1,'Restitucion topografica',20,30000,'01-05-2019',287,3),
(2,'Fotointerpretacion',20,30000,'01-25-2019',287,3),
(3,'Cartografia geologica',20,30000,'02-15-2019',287,3),
(4,'Ejecucion de trincheras,tuneles y apiques',10,30000,'03-05-2019',287,3),
(5,'Perforaciones exploratorias',10,30000,'03-25-2019',287,3),
(6,'Analisis',10,30000,'04-15-2019',287,3),
(7,'Preparacion de informe',10,30000,'05-05-2019',287,3),

(1,'Recopilacion y analisis de informacion',100,100000,'04-05-2018',288,3),
(2,'Reconocimiento de campo,verificacion de informacion y preparacion de informe',100,100000,'05-10-18',288,3),
(1,'Restitucion topografica',20,30000,'01-05-2019',289,3),
(2,'Fotointerpretacion',20,30000,'01-25-2019',289,3),
(3,'Cartografia geologica',20,30000,'02-15-2019',289,3),
(4,'Ejecucion de trincheras,tuneles y apiques',10,30000,'03-05-2019',289,3),
(5,'Perforaciones exploratorias',10,30000,'03-25-2019',289,3),
(6,'Analisis',10,30000,'04-15-2019',289,3),
(7,'Preparacion de informe',10,30000,'05-05-2019',289,3),

(1,'Recopilacion y analisis de informacion',100,100000,'04-05-2018',290,3),
(2,'Reconocimiento de campo,verificacion de informacion y preparacion de informe',100,100000,'05-10-18',290,3),
(1,'Restitucion topografica',20,30000,'01-05-2019',291,3),
(2,'Fotointerpretacion',20,30000,'01-25-2019',291,3),
(3,'Cartografia geologica',20,30000,'02-15-2019',291,3),
(4,'Ejecucion de trincheras,tuneles y apiques',10,30000,'03-05-2019',291,3),
(5,'Perforaciones exploratorias',10,30000,'03-25-2019',291,3),
(6,'Analisis',10,30000,'04-15-2019',291,3),
(7,'Preparacion de informe',10,30000,'05-05-2019',291,3),

(1,'Recopilacion y analisis de informacion',100,100000,'04-05-2018',292,3),
(2,'Reconocimiento de campo,verificacion de informacion y preparacion de informe',100,100000,'05-10-18',292,3),
(1,'Restitucion topografica',20,30000,'01-05-2019',293,3),
(2,'Fotointerpretacion',20,30000,'01-25-2019',293,3),
(3,'Cartografia geologica',20,30000,'02-15-2019',293,3),
(4,'Ejecucion de trincheras,tuneles y apiques',10,30000,'03-05-2019',293,3),
(5,'Perforaciones exploratorias',10,30000,'03-25-2019',293,3),
(6,'Analisis',10,30000,'04-15-2019',293,3),
(7,'Preparacion de informe',10,30000,'05-05-2019',293,3),

(1,'Recopilacion y analisis de informacion',100,100000,'04-05-2018',294,3),
(2,'Reconocimiento de campo,verificacion de informacion y preparacion de informe',100,100000,'05-10-18',294,3),
(1,'Restitucion topografica',20,30000,'01-05-2019',295,3),
(2,'Fotointerpretacion',20,30000,'01-25-2019',295,3),
(3,'Cartografia geologica',20,30000,'02-15-2019',295,3),
(4,'Ejecucion de trincheras,tuneles y apiques',10,30000,'03-05-2019',295,3),
(5,'Perforaciones exploratorias',10,30000,'03-25-2019',295,3),
(6,'Analisis',10,30000,'04-15-2019',295,3),
(7,'Preparacion de informe',10,30000,'05-05-2019',295,3),

(1,'Recopilacion y analisis de informacion',100,100000,'04-05-2018',296,3),
(2,'Reconocimiento de campo,verificacion de informacion y preparacion de informe',100,100000,'05-10-18',296,3),
(1,'Restitucion topografica',20,30000,'01-05-2019',297,3),
(2,'Fotointerpretacion',20,30000,'01-25-2019',297,3),
(3,'Cartografia geologica',20,30000,'02-15-2019',297,3),
(4,'Ejecucion de trincheras,tuneles y apiques',10,30000,'03-05-2019',297,3),
(5,'Perforaciones exploratorias',10,30000,'03-25-2019',297,3),
(6,'Analisis',10,30000,'04-15-2019',297,3),
(7,'Preparacion de informe',10,30000,'05-05-2019',297,3),

(1,'Recopilacion y analisis de informacion',100,100000,'04-05-2018',298,3),
(2,'Reconocimiento de campo,verificacion de informacion y preparacion de informe',100,100000,'05-10-18',298,3),
(1,'Restitucion topografica',20,30000,'01-05-2019',299,3),
(2,'Fotointerpretacion',20,30000,'01-25-2019',299,3),
(3,'Cartografia geologica',20,30000,'02-15-2019',299,3),
(4,'Ejecucion de trincheras,tuneles y apiques',10,30000,'03-05-2019',299,3),
(5,'Perforaciones exploratorias',10,30000,'03-25-2019',299,3),
(6,'Analisis',10,30000,'04-15-2019',299,3),
(7,'Preparacion de informe',10,30000,'05-05-2019',299,3),

(1,'Recopilacion y analisis de informacion',100,100000,'04-05-2018',300,3),
(2,'Reconocimiento de campo,verificacion de informacion y preparacion de informe',100,100000,'05-10-18',300,3),
(1,'Restitucion topografica',20,30000,'01-05-2019',301,3),
(2,'Fotointerpretacion',20,30000,'01-25-2019',301,3),
(3,'Cartografia geologica',20,30000,'02-15-2019',301,3),
(4,'Ejecucion de trincheras,tuneles y apiques',10,30000,'03-05-2019',301,3),
(5,'Perforaciones exploratorias',10,30000,'03-25-2019',301,3),
(6,'Analisis',10,30000,'04-15-2019',301,3),
(7,'Preparacion de informe',10,30000,'05-05-2019',301,3),

(1,'Recopilacion y analisis de informacion',100,100000,'04-05-2018',302,3),
(2,'Reconocimiento de campo,verificacion de informacion y preparacion de informe',100,100000,'05-10-18',302,3),
(1,'Restitucion topografica',20,30000,'01-05-2019',303,3),
(2,'Fotointerpretacion',20,30000,'01-25-2019',303,3),
(3,'Cartografia geologica',20,30000,'02-15-2019',303,3),
(4,'Ejecucion de trincheras,tuneles y apiques',10,30000,'03-05-2019',303,3),
(5,'Perforaciones exploratorias',10,30000,'03-25-2019',303,3),
(6,'Analisis',10,30000,'04-15-2019',303,3),
(7,'Preparacion de informe',10,30000,'05-05-2019',303,3),

(1,'Recopilacion y analisis de informacion',100,100000,'04-05-2018',304,3),
(2,'Reconocimiento de campo,verificacion de informacion y preparacion de informe',100,100000,'05-10-18',304,3),
(1,'Restitucion topografica',20,30000,'01-05-2019',305,3),
(2,'Fotointerpretacion',20,30000,'01-25-2019',305,3),
(3,'Cartografia geologica',20,30000,'02-15-2019',305,3),
(4,'Ejecucion de trincheras,tuneles y apiques',10,30000,'03-05-2019',305,3),
(5,'Perforaciones exploratorias',10,30000,'03-25-2019',305,3),
(6,'Analisis',10,30000,'04-15-2019',305,3),
(7,'Preparacion de informe',10,30000,'05-05-2019',305,3),

(1,'Recopilacion y analisis de informacion',100,100000,'04-05-2018',306,3),
(2,'Reconocimiento de campo,verificacion de informacion y preparacion de informe',100,100000,'05-10-18',306,3),
(1,'Restitucion topografica',20,30000,'01-05-2019',307,3),
(2,'Fotointerpretacion',20,30000,'01-25-2019',307,3),
(3,'Cartografia geologica',20,30000,'02-15-2019',307,3),
(4,'Ejecucion de trincheras,tuneles y apiques',10,30000,'03-05-2019',307,3),
(5,'Perforaciones exploratorias',10,30000,'03-25-2019',307,3),
(6,'Analisis',10,30000,'04-15-2019',307,3),
(7,'Preparacion de informe',10,30000,'05-05-2019',307,3),

(1,'Recopilacion y analisis de informacion',100,100000,'04-05-2018',308,3),
(2,'Reconocimiento de campo,verificacion de informacion y preparacion de informe',100,100000,'05-10-18',308,3),
(1,'Restitucion topografica',20,30000,'01-05-2019',309,3),
(2,'Fotointerpretacion',20,30000,'01-25-2019',309,3),
(3,'Cartografia geologica',20,30000,'02-15-2019',309,3),
(4,'Ejecucion de trincheras,tuneles y apiques',10,30000,'03-05-2019',309,3),
(5,'Perforaciones exploratorias',10,30000,'03-25-2019',309,3),
(6,'Analisis',10,30000,'04-15-2019',309,3),
(7,'Preparacion de informe',10,30000,'05-05-2019',309,3),

(1,'Recopilacion y analisis de informacion',100,100000,'04-05-2018',310,3),
(2,'Reconocimiento de campo,verificacion de informacion y preparacion de informe',100,100000,'05-10-18',310,3),
(1,'Restitucion topografica',20,30000,'01-05-2019',311,3),
(2,'Fotointerpretacion',20,30000,'01-25-2019',311,3),
(3,'Cartografia geologica',20,30000,'02-15-2019',311,3),
(4,'Ejecucion de trincheras,tuneles y apiques',10,30000,'03-05-2019',311,3),
(5,'Perforaciones exploratorias',10,30000,'03-25-2019',311,3),
(6,'Analisis',10,30000,'04-15-2019',311,3),
(7,'Preparacion de informe',10,30000,'05-05-2019',311,3),

(1,'Recopilacion y analisis de informacion',100,100000,'04-05-2018',312,3),
(2,'Reconocimiento de campo,verificacion de informacion y preparacion de informe',100,100000,'05-10-18',312,3),
(1,'Restitucion topografica',20,30000,'01-05-2019',313,3),
(2,'Fotointerpretacion',20,30000,'01-25-2019',313,3),
(3,'Cartografia geologica',20,30000,'02-15-2019',313,3),
(4,'Ejecucion de trincheras,tuneles y apiques',10,30000,'03-05-2019',313,3),
(5,'Perforaciones exploratorias',10,30000,'03-25-2019',313,3),
(6,'Analisis',10,30000,'04-15-2019',313,3),
(7,'Preparacion de informe',10,30000,'05-05-2019',313,3),

(1,'Recopilacion y analisis de informacion',100,100000,'04-05-2018',314,3),
(2,'Reconocimiento de campo,verificacion de informacion y preparacion de informe',100,100000,'05-10-18',314,3),
(1,'Restitucion topografica',20,30000,'01-05-2019',315,3),
(2,'Fotointerpretacion',20,30000,'01-25-2019',315,3),
(3,'Cartografia geologica',20,30000,'02-15-2019',315,3),
(4,'Ejecucion de trincheras,tuneles y apiques',10,30000,'03-05-2019',315,3),
(5,'Perforaciones exploratorias',10,30000,'03-25-2019',315,3),
(6,'Analisis',10,30000,'04-15-2019',315,3),
(7,'Preparacion de informe',10,30000,'05-05-2019',315,3),

(1,'Recopilacion y analisis de informacion',100,100000,'04-05-2018',316,3),
(2,'Reconocimiento de campo,verificacion de informacion y preparacion de informe',100,100000,'05-10-18',316,3),
(1,'Restitucion topografica',20,30000,'01-05-2019',317,3),
(2,'Fotointerpretacion',20,30000,'01-25-2019',317,3),
(3,'Cartografia geologica',20,30000,'02-15-2019',317,3),
(4,'Ejecucion de trincheras,tuneles y apiques',10,30000,'03-05-2019',317,3),
(5,'Perforaciones exploratorias',10,30000,'03-25-2019',317,3),
(6,'Analisis',10,30000,'04-15-2019',317,3),
(7,'Preparacion de informe',10,30000,'05-05-2019',317,3),

(1,'Recopilacion y analisis de informacion',100,100000,'04-05-2018',318,3),
(2,'Reconocimiento de campo,verificacion de informacion y preparacion de informe',100,100000,'05-10-18',318,3),
(1,'Restitucion topografica',20,30000,'01-05-2019',319,3),
(2,'Fotointerpretacion',20,30000,'01-25-2019',319,3),
(3,'Cartografia geologica',20,30000,'02-15-2019',319,3),
(4,'Ejecucion de trincheras,tuneles y apiques',10,30000,'03-05-2019',319,3),
(5,'Perforaciones exploratorias',10,30000,'03-25-2019',319,3),
(6,'Analisis',10,30000,'04-15-2019',319,3),
(7,'Preparacion de informe',10,30000,'05-05-2019',319,3),

(1,'Recopilacion y analisis de informacion',100,100000,'04-05-2018',320,3),
(2,'Reconocimiento de campo,verificacion de informacion y preparacion de informe',100,100000,'05-10-18',320,3),
(1,'Restitucion topografica',20,30000,'01-05-2019',321,3),
(2,'Fotointerpretacion',20,30000,'01-25-2019',321,3),
(3,'Cartografia geologica',20,30000,'02-15-2019',321,3),
(4,'Ejecucion de trincheras,tuneles y apiques',10,30000,'03-05-2019',321,3),
(5,'Perforaciones exploratorias',10,30000,'03-25-2019',321,3),
(6,'Analisis',10,30000,'04-15-2019',321,3),
(7,'Preparacion de informe',10,30000,'05-05-2019',321,3),

(1,'Recopilacion y analisis de informacion',100,100000,'04-05-2018',322,3),
(2,'Reconocimiento de campo,verificacion de informacion y preparacion de informe',100,100000,'05-10-18',322,3),
(1,'Restitucion topografica',20,30000,'01-05-2019',323,3),
(2,'Fotointerpretacion',20,30000,'01-25-2019',323,3),
(3,'Cartografia geologica',20,30000,'02-15-2019',323,3),
(4,'Ejecucion de trincheras,tuneles y apiques',10,30000,'03-05-2019',323,3),
(5,'Perforaciones exploratorias',10,30000,'03-25-2019',323,3),
(6,'Analisis',10,30000,'04-15-2019',323,3),
(7,'Preparacion de informe',10,30000,'05-05-2019',323,3),

(1,'Recopilacion y analisis de informacion',100,100000,'04-05-2018',324,3),
(2,'Reconocimiento de campo,verificacion de informacion y preparacion de informe',100,100000,'05-10-18',324,3),
(1,'Restitucion topografica',20,30000,'01-05-2019',325,3),
(2,'Fotointerpretacion',20,30000,'01-25-2019',325,3),
(3,'Cartografia geologica',20,30000,'02-15-2019',325,3),
(4,'Ejecucion de trincheras,tuneles y apiques',10,30000,'03-05-2019',325,3),
(5,'Perforaciones exploratorias',10,30000,'03-25-2019',325,3),
(6,'Analisis',10,30000,'04-15-2019',325,3),
(7,'Preparacion de informe',10,30000,'05-05-2019',325,3),

(1,'Recopilacion y analisis de informacion',100,100000,'04-05-2018',326,3),
(2,'Reconocimiento de campo,verificacion de informacion y preparacion de informe',100,100000,'05-10-18',326,3),
(1,'Restitucion topografica',20,30000,'01-05-2019',327,3),
(2,'Fotointerpretacion',20,30000,'01-25-2019',327,3),
(3,'Cartografia geologica',20,30000,'02-15-2019',327,3),
(4,'Ejecucion de trincheras,tuneles y apiques',10,30000,'03-05-2019',327,3),
(5,'Perforaciones exploratorias',10,30000,'03-25-2019',327,3),
(6,'Analisis',10,30000,'04-15-2019',327,3),
(7,'Preparacion de informe',10,30000,'05-05-2019',327,3),

(1,'Recopilacion y analisis de informacion',100,100000,'04-05-2018',328,3),
(2,'Reconocimiento de campo,verificacion de informacion y preparacion de informe',100,100000,'05-10-18',328,3),
(1,'Restitucion topografica',20,30000,'01-05-2019',329,3),
(2,'Fotointerpretacion',20,30000,'01-25-2019',329,3),
(3,'Cartografia geologica',20,30000,'02-15-2019',329,3),
(4,'Ejecucion de trincheras,tuneles y apiques',10,30000,'03-05-2019',329,3),
(5,'Perforaciones exploratorias',10,30000,'03-25-2019',329,3),
(6,'Analisis',10,30000,'04-15-2019',329,3),
(7,'Preparacion de informe',10,30000,'05-05-2019',329,3),

(1,'Recopilacion y analisis de informacion',100,100000,'04-05-2018',330,3),
(2,'Reconocimiento de campo,verificacion de informacion y preparacion de informe',100,100000,'05-10-18',330,3),
(1,'Restitucion topografica',20,30000,'01-05-2019',331,3),
(2,'Fotointerpretacion',20,30000,'01-25-2019',331,3),
(3,'Cartografia geologica',20,30000,'02-15-2019',331,3),
(4,'Ejecucion de trincheras,tuneles y apiques',10,30000,'03-05-2019',331,3),
(5,'Perforaciones exploratorias',10,30000,'03-25-2019',331,3),
(6,'Analisis',10,30000,'04-15-2019',331,3),
(7,'Preparacion de informe',10,30000,'05-05-2019',331,3),

(1,'Recopilacion y analisis de informacion',100,100000,'04-05-2018',332,3),
(2,'Reconocimiento de campo,verificacion de informacion y preparacion de informe',100,100000,'05-10-18',332,3),
(1,'Restitucion topografica',20,30000,'01-05-2019',333,3),
(2,'Fotointerpretacion',20,30000,'01-25-2019',333,3),
(3,'Cartografia geologica',20,30000,'02-15-2019',333,3),
(4,'Ejecucion de trincheras,tuneles y apiques',10,30000,'03-05-2019',333,3),
(5,'Perforaciones exploratorias',10,30000,'03-25-2019',333,3),
(6,'Analisis',10,30000,'04-15-2019',333,3),
(7,'Preparacion de informe',10,30000,'05-05-2019',333,3),

(1,'Recopilacion y analisis de informacion',100,100000,'04-05-2018',334,3),
(2,'Reconocimiento de campo,verificacion de informacion y preparacion de informe',100,100000,'05-10-18',334,3),
(1,'Restitucion topografica',20,30000,'01-05-2019',335,3),
(2,'Fotointerpretacion',20,30000,'01-25-2019',335,3),
(3,'Cartografia geologica',20,30000,'02-15-2019',335,3),
(4,'Ejecucion de trincheras,tuneles y apiques',10,30000,'03-05-2019',335,3),
(5,'Perforaciones exploratorias',10,30000,'03-25-2019',335,3),
(6,'Analisis',10,30000,'04-15-2019',335,3),
(7,'Preparacion de informe',10,30000,'05-05-2019',335,3),

(1,'Recopilacion y analisis de informacion',100,100000,'04-05-2018',336,3),
(2,'Reconocimiento de campo,verificacion de informacion y preparacion de informe',100,100000,'05-10-18',336,3),
(1,'Restitucion topografica',20,30000,'01-05-2019',337,3),
(2,'Fotointerpretacion',20,30000,'01-25-2019',337,3),
(3,'Cartografia geologica',20,30000,'02-15-2019',337,3),
(4,'Ejecucion de trincheras,tuneles y apiques',10,30000,'03-05-2019',337,3),
(5,'Perforaciones exploratorias',10,30000,'03-25-2019',337,3),
(6,'Analisis',10,30000,'04-15-2019',337,3),
(7,'Preparacion de informe',10,30000,'05-05-2019',337,3),

(1,'Recopilacion y analisis de informacion',100,100000,'04-05-2018',338,3),
(2,'Reconocimiento de campo,verificacion de informacion y preparacion de informe',100,100000,'05-10-18',338,3),
(1,'Restitucion topografica',20,30000,'01-05-2019',339,3),
(2,'Fotointerpretacion',20,30000,'01-25-2019',339,3),
(3,'Cartografia geologica',20,30000,'02-15-2019',339,3),
(4,'Ejecucion de trincheras,tuneles y apiques',10,30000,'03-05-2019',339,3),
(5,'Perforaciones exploratorias',10,30000,'03-25-2019',339,3),
(6,'Analisis',10,30000,'04-15-2019',339,3),
(7,'Preparacion de informe',10,30000,'05-05-2019',339,3),

(1,'Recopilacion y analisis de informacion',100,100000,'04-05-2018',340,3),
(2,'Reconocimiento de campo,verificacion de informacion y preparacion de informe',100,100000,'05-10-18',340,3),
(1,'Restitucion topografica',20,30000,'01-05-2019',341,3),
(2,'Fotointerpretacion',20,30000,'01-25-2019',341,3),
(3,'Cartografia geologica',20,30000,'02-15-2019',341,3),
(4,'Ejecucion de trincheras,tuneles y apiques',10,30000,'03-05-2019',341,3),
(5,'Perforaciones exploratorias',10,30000,'03-25-2019',341,3),
(6,'Analisis',10,30000,'04-15-2019',341,3),
(7,'Preparacion de informe',10,30000,'05-05-2019',341,3),

(1,'Recopilacion y analisis de informacion',100,100000,'04-05-2018',342,3),
(2,'Reconocimiento de campo,verificacion de informacion y preparacion de informe',100,100000,'05-10-18',342,3),
(1,'Restitucion topografica',20,30000,'01-05-2019',343,3),
(2,'Fotointerpretacion',20,30000,'01-25-2019',343,3),
(3,'Cartografia geologica',20,30000,'02-15-2019',343,3),
(4,'Ejecucion de trincheras,tuneles y apiques',10,30000,'03-05-2019',343,3),
(5,'Perforaciones exploratorias',10,30000,'03-25-2019',343,3),
(6,'Analisis',10,30000,'04-15-2019',343,3),
(7,'Preparacion de informe',10,30000,'05-05-2019',343,3),

(1,'Recopilacion y analisis de informacion',100,100000,'04-05-2018',344,3),
(2,'Reconocimiento de campo,verificacion de informacion y preparacion de informe',100,100000,'05-10-18',344,3),
(1,'Restitucion topografica',20,30000,'01-05-2019',345,3),
(2,'Fotointerpretacion',20,30000,'01-25-2019',345,3),
(3,'Cartografia geologica',20,30000,'02-15-2019',345,3),
(4,'Ejecucion de trincheras,tuneles y apiques',10,30000,'03-05-2019',345,3),
(5,'Perforaciones exploratorias',10,30000,'03-25-2019',345,3),
(6,'Analisis',10,30000,'04-15-2019',345,3),
(7,'Preparacion de informe',10,30000,'05-05-2019',345,3),

(1,'Recopilacion y analisis de informacion',100,100000,'04-05-2018',346,3),
(2,'Reconocimiento de campo,verificacion de informacion y preparacion de informe',100,100000,'05-10-18',346,3),
(1,'Restitucion topografica',20,30000,'01-05-2019',347,3),
(2,'Fotointerpretacion',20,30000,'01-25-2019',347,3),
(3,'Cartografia geologica',20,30000,'02-15-2019',347,3),
(4,'Ejecucion de trincheras,tuneles y apiques',10,30000,'03-05-2019',347,3),
(5,'Perforaciones exploratorias',10,30000,'03-25-2019',347,3),
(6,'Analisis',10,30000,'04-15-2019',347,3),
(7,'Preparacion de informe',10,30000,'05-05-2019',347,3),

(1,'Recopilacion y analisis de informacion',100,100000,'04-05-2018',348,3),
(2,'Reconocimiento de campo,verificacion de informacion y preparacion de informe',100,100000,'05-10-18',348,3),
(1,'Restitucion topografica',20,30000,'01-05-2019',349,3),
(2,'Fotointerpretacion',20,30000,'01-25-2019',349,3),
(3,'Cartografia geologica',20,30000,'02-15-2019',349,3),
(4,'Ejecucion de trincheras,tuneles y apiques',10,30000,'03-05-2019',349,3),
(5,'Perforaciones exploratorias',10,30000,'03-25-2019',349,3),
(6,'Analisis',10,30000,'04-15-2019',349,3),
(7,'Preparacion de informe',10,30000,'05-05-2019',349,3),

(1,'Recopilacion y analisis de informacion',100,100000,'04-05-2018',350,3),
(2,'Reconocimiento de campo,verificacion de informacion y preparacion de informe',100,100000,'05-10-18',350,3),
(1,'Restitucion topografica',20,30000,'01-05-2019',351,3),
(2,'Fotointerpretacion',20,30000,'01-25-2019',351,3),
(3,'Cartografia geologica',20,30000,'02-15-2019',351,3),
(4,'Ejecucion de trincheras,tuneles y apiques',10,30000,'03-05-2019',351,3),
(5,'Perforaciones exploratorias',10,30000,'03-25-2019',351,3),
(6,'Analisis',10,30000,'04-15-2019',351,3),
(7,'Preparacion de informe',10,30000,'05-05-2019',351,3),

(1,'Recopilacion y analisis de informacion',100,100000,'04-05-2018',352,3),
(2,'Reconocimiento de campo,verificacion de informacion y preparacion de informe',100,100000,'05-10-18',352,3),
(1,'Restitucion topografica',20,30000,'01-05-2019',353,3),
(2,'Fotointerpretacion',20,30000,'01-25-2019',353,3),
(3,'Cartografia geologica',20,30000,'02-15-2019',353,3),
(4,'Ejecucion de trincheras,tuneles y apiques',10,30000,'03-05-2019',353,3),
(5,'Perforaciones exploratorias',10,30000,'03-25-2019',353,3),
(6,'Analisis',10,30000,'04-15-2019',353,3),
(7,'Preparacion de informe',10,30000,'05-05-2019',353,3),

(1,'Recopilacion y analisis de informacion',100,100000,'04-05-2018',354,3),
(2,'Reconocimiento de campo,verificacion de informacion y preparacion de informe',100,100000,'05-10-18',354,3),
(1,'Restitucion topografica',20,30000,'01-05-2019',355,3),
(2,'Fotointerpretacion',20,30000,'01-25-2019',355,3),
(3,'Cartografia geologica',20,30000,'02-15-2019',355,3),
(4,'Ejecucion de trincheras,tuneles y apiques',10,30000,'03-05-2019',355,3),
(5,'Perforaciones exploratorias',10,30000,'03-25-2019',355,3),
(6,'Analisis',10,30000,'04-15-2019',355,3),
(7,'Preparacion de informe',10,30000,'05-05-2019',355,3),

(1,'Recopilacion y analisis de informacion',100,100000,'04-05-2018',356,3),
(2,'Reconocimiento de campo,verificacion de informacion y preparacion de informe',100,100000,'05-10-18',356,3),
(1,'Restitucion topografica',20,30000,'01-05-2019',357,3),
(2,'Fotointerpretacion',20,30000,'01-25-2019',357,3),
(3,'Cartografia geologica',20,30000,'02-15-2019',357,3),
(4,'Ejecucion de trincheras,tuneles y apiques',10,30000,'03-05-2019',357,3),
(5,'Perforaciones exploratorias',10,30000,'03-25-2019',357,3),
(6,'Analisis',10,30000,'04-15-2019',357,3),
(7,'Preparacion de informe',10,30000,'05-05-2019',357,3),

(1,'Recopilacion y analisis de informacion',100,100000,'04-05-2018',358,3),
(2,'Reconocimiento de campo,verificacion de informacion y preparacion de informe',100,100000,'05-10-18',358,3),
(1,'Restitucion topografica',20,30000,'01-05-2019',359,3),
(2,'Fotointerpretacion',20,30000,'01-25-2019',359,3),
(3,'Cartografia geologica',20,30000,'02-15-2019',359,3),
(4,'Ejecucion de trincheras,tuneles y apiques',10,30000,'03-05-2019',359,3),
(5,'Perforaciones exploratorias',10,30000,'03-25-2019',359,3),
(6,'Analisis',10,30000,'04-15-2019',359,3),
(7,'Preparacion de informe',10,30000,'05-05-2019',359,3),

(1,'Recopilacion y analisis de informacion',100,100000,'04-05-2018',360,3),
(2,'Reconocimiento de campo,verificacion de informacion y preparacion de informe',100,100000,'05-10-18',360,3),
(1,'Restitucion topografica',20,30000,'01-05-2019',361,3),
(2,'Fotointerpretacion',20,30000,'01-25-2019',361,3),
(3,'Cartografia geologica',20,30000,'02-15-2019',361,3),
(4,'Ejecucion de trincheras,tuneles y apiques',10,30000,'03-05-2019',361,3),
(5,'Perforaciones exploratorias',10,30000,'03-25-2019',361,3),
(6,'Analisis',10,30000,'04-15-2019',361,3),
(7,'Preparacion de informe',10,30000,'05-05-2019',361,3),

(1,'Recopilacion y analisis de informacion',100,100000,'04-05-2018',362,3),
(2,'Reconocimiento de campo,verificacion de informacion y preparacion de informe',100,100000,'05-10-18',362,3),
(1,'Restitucion topografica',20,30000,'01-05-2019',363,3),
(2,'Fotointerpretacion',20,30000,'01-25-2019',363,3),
(3,'Cartografia geologica',20,30000,'02-15-2019',363,3),
(4,'Ejecucion de trincheras,tuneles y apiques',10,30000,'03-05-2019',363,3),
(5,'Perforaciones exploratorias',10,30000,'03-25-2019',363,3),
(6,'Analisis',10,30000,'04-15-2019',363,3),
(7,'Preparacion de informe',10,30000,'05-05-2019',363,3),

(1,'Recopilacion y analisis de informacion',100,100000,'04-05-2018',364,3),
(2,'Reconocimiento de campo,verificacion de informacion y preparacion de informe',100,100000,'05-10-18',364,3),
(1,'Restitucion topografica',20,30000,'01-05-2019',365,3),
(2,'Fotointerpretacion',20,30000,'01-25-2019',365,3),
(3,'Cartografia geologica',20,30000,'02-15-2019',365,3),
(4,'Ejecucion de trincheras,tuneles y apiques',10,30000,'03-05-2019',365,3),
(5,'Perforaciones exploratorias',10,30000,'03-25-2019',365,3),
(6,'Analisis',10,30000,'04-15-2019',365,3),
(7,'Preparacion de informe',10,30000,'05-05-2019',365,3),

(1,'Recopilacion y analisis de informacion',100,100000,'04-05-2018',366,3),
(2,'Reconocimiento de campo,verificacion de informacion y preparacion de informe',100,100000,'05-10-18',366,3),
(1,'Restitucion topografica',20,30000,'01-05-2019',367,3),
(2,'Fotointerpretacion',20,30000,'01-25-2019',367,3),
(3,'Cartografia geologica',20,30000,'02-15-2019',367,3),
(4,'Ejecucion de trincheras,tuneles y apiques',10,30000,'03-05-2019',367,3),
(5,'Perforaciones exploratorias',10,30000,'03-25-2019',367,3),
(6,'Analisis',10,30000,'04-15-2019',367,3),
(7,'Preparacion de informe',10,30000,'05-05-2019',367,3),

(1,'Recopilacion y analisis de informacion',100,100000,'04-05-2018',368,3),
(2,'Reconocimiento de campo,verificacion de informacion y preparacion de informe',100,100000,'05-10-18',368,3),
(1,'Restitucion topografica',20,30000,'01-05-2019',369,3),
(2,'Fotointerpretacion',20,30000,'01-25-2019',369,3),
(3,'Cartografia geologica',20,30000,'02-15-2019',369,3),
(4,'Ejecucion de trincheras,tuneles y apiques',10,30000,'03-05-2019',369,3),
(5,'Perforaciones exploratorias',10,30000,'03-25-2019',369,3),
(6,'Analisis',10,30000,'04-15-2019',369,3),
(7,'Preparacion de informe',10,30000,'05-05-2019',369,3),

(1,'Recopilacion y analisis de informacion',100,100000,'04-05-2018',370,3),
(2,'Reconocimiento de campo,verificacion de informacion y preparacion de informe',100,100000,'05-10-18',370,3),
(1,'Restitucion topografica',20,30000,'01-05-2019',371,3),
(2,'Fotointerpretacion',20,30000,'01-25-2019',371,3),
(3,'Cartografia geologica',20,30000,'02-15-2019',371,3),
(4,'Ejecucion de trincheras,tuneles y apiques',10,30000,'03-05-2019',371,3),
(5,'Perforaciones exploratorias',10,30000,'03-25-2019',371,3),
(6,'Analisis',10,30000,'04-15-2019',371,3),
(7,'Preparacion de informe',10,30000,'05-05-2019',371,3),

(1,'Recopilacion y analisis de informacion',100,100000,'04-05-2018',372,3),
(2,'Reconocimiento de campo,verificacion de informacion y preparacion de informe',100,100000,'05-10-18',372,3),
(1,'Restitucion topografica',20,30000,'01-05-2019',373,3),
(2,'Fotointerpretacion',20,30000,'01-25-2019',373,3),
(3,'Cartografia geologica',20,30000,'02-15-2019',373,3),
(4,'Ejecucion de trincheras,tuneles y apiques',10,30000,'03-05-2019',373,3),
(5,'Perforaciones exploratorias',10,30000,'03-25-2019',373,3),
(6,'Analisis',10,30000,'04-15-2019',373,3),
(7,'Preparacion de informe',10,30000,'05-05-2019',373,3),

(1,'Recopilacion y analisis de informacion',100,100000,'04-05-2018',374,3),
(2,'Reconocimiento de campo,verificacion de informacion y preparacion de informe',100,100000,'05-10-18',374,3),
(1,'Restitucion topografica',20,30000,'01-05-2019',375,3),
(2,'Fotointerpretacion',20,30000,'01-25-2019',375,3),
(3,'Cartografia geologica',20,30000,'02-15-2019',375,3),
(4,'Ejecucion de trincheras,tuneles y apiques',10,30000,'03-05-2019',375,3),
(5,'Perforaciones exploratorias',10,30000,'03-25-2019',375,3),
(6,'Analisis',10,30000,'04-15-2019',375,3),
(7,'Preparacion de informe',10,30000,'05-05-2019',375,3),

(1,'Recopilacion y analisis de informacion',100,100000,'04-05-2018',376,3),
(2,'Reconocimiento de campo,verificacion de informacion y preparacion de informe',100,100000,'05-10-18',376,3),
(1,'Restitucion topografica',20,30000,'01-05-2019',377,3),
(2,'Fotointerpretacion',20,30000,'01-25-2019',377,3),
(3,'Cartografia geologica',20,30000,'02-15-2019',377,3),
(4,'Ejecucion de trincheras,tuneles y apiques',10,30000,'03-05-2019',377,3),
(5,'Perforaciones exploratorias',10,30000,'03-25-2019',377,3),
(6,'Analisis',10,30000,'04-15-2019',377,3),
(7,'Preparacion de informe',10,30000,'05-05-2019',377,3),

(1,'Recopilacion y analisis de informacion',100,100000,'04-05-2018',378,3),
(2,'Reconocimiento de campo,verificacion de informacion y preparacion de informe',100,100000,'05-10-18',378,3),
(1,'Restitucion topografica',20,30000,'01-05-2019',379,3),
(2,'Fotointerpretacion',20,30000,'01-25-2019',379,3),
(3,'Cartografia geologica',20,30000,'02-15-2019',379,3),
(4,'Ejecucion de trincheras,tuneles y apiques',10,30000,'03-05-2019',379,3),
(5,'Perforaciones exploratorias',10,30000,'03-25-2019',379,3),
(6,'Analisis',10,30000,'04-15-2019',379,3),
(7,'Preparacion de informe',10,30000,'05-05-2019',379,3),

(1,'Recopilacion y analisis de informacion',100,100000,'04-05-2018',380,3),
(2,'Reconocimiento de campo,verificacion de informacion y preparacion de informe',100,100000,'05-10-18',380,3),
(1,'Restitucion topografica',20,30000,'01-05-2019',381,3),
(2,'Fotointerpretacion',20,30000,'01-25-2019',381,3),
(3,'Cartografia geologica',20,30000,'02-15-2019',381,3),
(4,'Ejecucion de trincheras,tuneles y apiques',10,30000,'03-05-2019',381,3),
(5,'Perforaciones exploratorias',10,30000,'03-25-2019',381,3),
(6,'Analisis',10,30000,'04-15-2019',381,3),
(7,'Preparacion de informe',10,30000,'05-05-2019',381,3),


/*Horario*/
insert into horario(dia_de_semana,hora_inicio,hora_salida)
values ('Lunes','06:00:00','12:00:00'),
('Lunes','07:00:00','13:00:00'),
('Martes','06:00:00','12:00:00'),
('Martes','07:00:00','13:00:00'),
('Miercoles','06:00:00','12:00:00'),
('Miercoles','08:00:00','17:00:00'),
('Jueves','06:00:00','18:00:00'),
('Jueves','08:00:00','16:00:00'),
('Viernes','09:00:00','20:00:00'),
('Viernes','09:00:00','16:00:00');

/*Empleados*/
insert into empleado(cedula_empleado,nombre_empleado,apellido_empleado,fecha_nacimiento,sexo,fk_lugar,fk_cargo)
values (2222,'Rafael','Nadal','04-04-1974','M',468,1),
(3333,'Roger','Federer','04-04-1973','M',469,1),
(4444,'Nole','Djokovik','04-04-1972','M',470,1),
(5555,'Andy','Murray','05-04-1972','M',471,1),
(6666,'Antonio','Cruz','07-08-1979','M',470,1),
(7777,'Magda','Boniel','06-06-1959','F',470,1),
(8888,'Mikaela','Castelli','12-08-1973','F',473,1),
(9999,'Mikel','Osorio','08-07-1982','M',473,1),
(1112,'Fernando','Aristigueta','04-04-1972','M',474,1),
(1113,'Tomas','Rincon','04-04-1972','M',476,1),
(1114,'Alexander','Zverev','04-04-1972','M',476,1),
(1115,'David','Ferrer','04-04-1972','M',477,1),
(1116,'Denis','Shapovalov','04-04-1972','M',478,1),
(1117,'Mischa','Zverev','04-04-1972','M',479,1),
(1118,'Maria','Sharapova','04-04-1972','M',479,1),
(1119,'Michelle','Castelli','04-04-1972','M',480,1),
(1110,'Mabel','Nobrega','04-04-1972','M',481,1),
(1121,'Kei','Nishikori','04-04-1972','M',480,1),
(1122,'Michael','Melamet','04-04-1972','M',482,1),
(1123,'Andrea','Arreaga','04-04-1972','F',482,1),
(1124,'Garbine','Muguruza','04-04-1972','F',483,1),
(1125,'Stephanie','Graff','04-04-1972','F',484,1),
(1126,'Nicolas','Pereira','04-04-1972','M',485,1),
(1127,'Gustavo','Dudamel','04-04-1972','M',484,1),
(1128,'Francisco','Otamendi','04-04-1972','M',485,1),
(1129,'Andre','Aggasi','04-04-1972','M',486,1),
(1130,'Naomi','Osaka','04-04-1972','F',486,1),
(1131,'Ricardo','Montaner','04-04-1972','M',487,1),
(1132,'Dominic','Thiem','04-04-1972','M',487,1),
(1133,'Stefano','Tsitipas','04-04-1972','M',488,1),
(1134,'Fabio','Fognini','04-04-1972','M',489,1),
(1135,'Juan','Del Potro','04-04-1972','M',489,1),
(1136,'Jon','Isner','04-04-1972','M',490,1),
(1137,'Milos','Raonic','04-04-1972','M',470,1),
(1138,'Stan','Wawrinka','04-04-1972','M',470,1),
(1139,'Diego','Swartzman','04-04-1972','M',470,1),
(1140,'Guido','Pela','04-04-1972','M',470,1);

/*Cargo Fase*/
insert into cargo_fase (cantidad,costo,fk_cargo,fk_fase)
values (3,1000,1,)